Path	Size	SHA-256	File classification	R07 ownership status	Review status	Finding or handoff IDs	Notes
.automation/README.md	5801	eafb60dfd16504e09275ee6701927c6118f0522db95e3cd92511aa8fb841c897	DOCUMENTATION	CROSS_AREA_REFERENCE	INVENTORIED_AND_SCOPED		Classified and conservatively scoped; no new R07 root assigned.
.automation/lib/controller_hardening_v2.sh	48016	d67e2780d7968e5f25b0c7735486b140aa186708bbddda1b3d90cbb5f21f19a1	SHELL_SCRIPT	R07_PRIMARY	DEEP_TRACED	BWS120-R07-016	Owned production/test/authority path traced to symbols and consumers.
.automation/lib/run_common.sh	56138	d08ac2827b16df86f0f86fbceb9e5677c72d38ba9853fd67570e87c95bcab619	SHELL_SCRIPT	CROSS_AREA_REFERENCE	INVENTORIED_AND_SCOPED		Classified and conservatively scoped; no new R07 root assigned.
.automation/lib/telegram_notify.sh	15762	bae37f227389b264cefea86f1792d3642bc9393f0076408f680c02040a120e23	SHELL_SCRIPT	CROSS_AREA_REFERENCE	INVENTORIED_AND_SCOPED		Classified and conservatively scoped; no new R07 root assigned.
.automation/lib/temp_inode_guard.sh	32343	f8cc0a7689aaba4a856cb012c7e51e1368eaf1c9f3a35ca42c43bbe6822f019f	SHELL_SCRIPT	CROSS_AREA_REFERENCE	INVENTORIED_AND_SCOPED		Classified and conservatively scoped; no new R07 root assigned.
.codex/hooks.json	239	58bf90947f8736f354dc40291d94d66c2c0675f4f8689c08739fc6b1618a191b	JSON_DATA_OR_CONFIG	INVENTORIED_NOT_OWNED	INVENTORIED_ONLY		Archive member hashed and accounted for; outside R07 substantive ownership.
.codex/skills/graphify/.graphify_version	6	06386c15e573db2db7bd29599358db8e07fcd875b97213f2afd8240d1ae0812a	OTHER	INVENTORIED_NOT_OWNED	INVENTORIED_ONLY		Archive member hashed and accounted for; outside R07 substantive ownership.
.codex/skills/graphify/SKILL.md	41318	3898b1042721cad27d6f87ca44f638415a7f763203aefd86b90f9358ffea3a43	DOCUMENTATION	INVENTORIED_NOT_OWNED	INVENTORIED_ONLY		Archive member hashed and accounted for; outside R07 substantive ownership.
.codex/skills/graphify/references/add-watch.md	2486	b3f67570240582689c2834b4831917550c2d1aaf042148868c39dcbf387ce3fd	DOCUMENTATION	INVENTORIED_NOT_OWNED	INVENTORIED_ONLY		Archive member hashed and accounted for; outside R07 substantive ownership.
.codex/skills/graphify/references/exports.md	3362	ee47fae477f106d8aed38798c58493b5a7f060a0d9d2581ce6132302827bc14b	DOCUMENTATION	INVENTORIED_NOT_OWNED	INVENTORIED_ONLY		Archive member hashed and accounted for; outside R07 substantive ownership.
.codex/skills/graphify/references/extraction-spec.md	4431	32d7decad42d58129c6694ea4e4ce1f72a531bc5161827d2095787e9448735e9	DOCUMENTATION	INVENTORIED_NOT_OWNED	INVENTORIED_ONLY		Archive member hashed and accounted for; outside R07 substantive ownership.
.codex/skills/graphify/references/github-and-merge.md	2177	e5ebd90c7686f50363ff7a535556bc2f596d4c47ec1e6c8b95e11e36a0dfea2b	DOCUMENTATION	INVENTORIED_NOT_OWNED	INVENTORIED_ONLY		Archive member hashed and accounted for; outside R07 substantive ownership.
.codex/skills/graphify/references/hooks.md	1267	b9a4e9f66813c6fc720589f1071d1a03c95756ab7101447e14e57291fe7844e5	DOCUMENTATION	INVENTORIED_NOT_OWNED	INVENTORIED_ONLY		Archive member hashed and accounted for; outside R07 substantive ownership.
.codex/skills/graphify/references/query.md	13456	e563ddcb1e155aa230f107e5ef9380bc1249c5cd8241128de7ed8a7bd9c20cf5	DOCUMENTATION	INVENTORIED_NOT_OWNED	INVENTORIED_ONLY		Archive member hashed and accounted for; outside R07 substantive ownership.
.codex/skills/graphify/references/transcribe.md	3173	676a1e39aa6d43cdfcc416ec56616e36f7bad74066a82bd33a9485515b9a865c	DOCUMENTATION	INVENTORIED_NOT_OWNED	INVENTORIED_ONLY		Archive member hashed and accounted for; outside R07 substantive ownership.
.codex/skills/graphify/references/update.md	10425	661f559b3ff4f3db7ba47bc2ba1c7e19f1c1d66a36f647e49221eecb174f2228	DOCUMENTATION	INVENTORIED_NOT_OWNED	INVENTORIED_ONLY		Archive member hashed and accounted for; outside R07 substantive ownership.
.env.example	2533	8c15f2d28ce8d4822911e4753bcf6345267d33c6f9e210c60c49df6cb0aa1192	OTHER	R07_MATERIAL_CALLER	TRACED_FOR_HANDOFF		Material caller or shared contract traced to establish R07 behavior or handoff.
.gitattributes	413	fff9628fd61eec217522750bed304b13f3f33e1ff2745772730759e122e68994	OTHER	INVENTORIED_NOT_OWNED	INVENTORIED_ONLY		Archive member hashed and accounted for; outside R07 substantive ownership.
.gitignore	1438	6d6cd47ce4466d49195123a6a3b266cc8bc308e3979a1265c71690f17b6d36c3	OTHER	INVENTORIED_NOT_OWNED	INVENTORIED_ONLY		Archive member hashed and accounted for; outside R07 substantive ownership.
.graphifyignore	871	802e632173ed7b36e1c5867e9d7078e891f3163e089db551aa2691e7847bfa0c	OTHER	INVENTORIED_NOT_OWNED	INVENTORIED_ONLY		Archive member hashed and accounted for; outside R07 substantive ownership.
.nvmrc	8	75053fb82fe4512318dd99556daf58b862fb81c96cf1153249b75f8116edf440	PACKAGE_OR_RUNTIME_METADATA	INVENTORIED_NOT_OWNED	INVENTORIED_ONLY		Archive member hashed and accounted for; outside R07 substantive ownership.
AGENTS.md	11375	94c414fbc522623678b3c5e468e7e5d7e8787d842546776f741d36a9e6beeb73	DOCUMENTATION	INVENTORIED_NOT_OWNED	INVENTORIED_ONLY		Archive member hashed and accounted for; outside R07 substantive ownership.
CHANGELOG.md	83889	3709b4aef1c7f8333b5c0afdf77da50bd9ee70de0867b8cf2deff18f3603aa48	DOCUMENTATION	INVENTORIED_NOT_OWNED	INVENTORIED_ONLY		Archive member hashed and accounted for; outside R07 substantive ownership.
PROJECT_STATUS.md	8042	1b08809e477a4fd233464cea1388cede73ac6b9c05c06c15eea960c698004449	DOCUMENTATION	R07_MATERIAL_CALLER	TRACED_FOR_HANDOFF		Material caller or shared contract traced to establish R07 behavior or handoff.
README.md	13807	b0312d4abfa03fad81c6e69ab66c7024647816e305db2c99724c83dacd8f79a4	DOCUMENTATION	INVENTORIED_NOT_OWNED	INVENTORIED_ONLY		Archive member hashed and accounted for; outside R07 substantive ownership.
SOURCE_MANIFEST.json	111888	d9ea618c19fac733cf070c7e9b811ace8a1a0d637680b0b9f8233be5879aba6a	JSON_DATA_OR_CONFIG	INVENTORIED_NOT_OWNED	INVENTORIED_ONLY		Archive member hashed and accounted for; outside R07 substantive ownership.
STARTER_PACK.md	3378	1b3bfa906108ee97110c28db61b9c4259f375fbf83d9f28cff3d489c833ef111	DOCUMENTATION	INVENTORIED_NOT_OWNED	INVENTORIED_ONLY		Archive member hashed and accounted for; outside R07 substantive ownership.
apps/web/index.html	325	af5fe0ede1db4d5d1dbb7a33cb083637717c222c68ccfab9a1df3d55ac5da45b	OTHER	INVENTORIED_NOT_OWNED	INVENTORIED_ONLY		Archive member hashed and accounted for; outside R07 substantive ownership.
apps/web/package.json	752	6c5197409d203246bb187e69d6fcd10319d2de29ceca44284458c37ba88b8bb6	JSON_DATA_OR_CONFIG	INVENTORIED_NOT_OWNED	INVENTORIED_ONLY		Archive member hashed and accounted for; outside R07 substantive ownership.
apps/web/src/api/client.ts	63297	8b9ba5b322e4b3333925b8b1ee2aa4d12b2db1693ae32cac2eafb7a94fc1bb97	SOURCE_TYPESCRIPT	INVENTORIED_NOT_OWNED	INVENTORIED_ONLY		Archive member hashed and accounted for; outside R07 substantive ownership.
apps/web/src/api/contracts.ts	4424	11c9bcc7cacad4505c7d24f5e66c819723bc9165b1b65c96271b449df2bc3417	SOURCE_TYPESCRIPT	INVENTORIED_NOT_OWNED	INVENTORIED_ONLY		Archive member hashed and accounted for; outside R07 substantive ownership.
apps/web/src/api/mock-data.ts	27728	17fe530d64bbae547a9098d520cb0949bac168d22b3a38e705a53e8afb4c1f7c	SOURCE_TYPESCRIPT	INVENTORIED_NOT_OWNED	INVENTORIED_ONLY		Archive member hashed and accounted for; outside R07 substantive ownership.
apps/web/src/api/models.ts	34603	3b08b0fe2d3559cc1e51bf3f570ea43b3b3c4379234ceaec33abe7d9c1c034c3	SOURCE_TYPESCRIPT	INVENTORIED_NOT_OWNED	INVENTORIED_ONLY		Archive member hashed and accounted for; outside R07 substantive ownership.
apps/web/src/app/data-mode.ts	2862	0653ee8bd4681fa019f643bda056b360e766e7227d52a3a82582bc60b23e7af3	SOURCE_TYPESCRIPT	INVENTORIED_NOT_OWNED	INVENTORIED_ONLY		Archive member hashed and accounted for; outside R07 substantive ownership.
apps/web/src/app/page-chrome.ts	4960	9572a4053861cf29280cf411c6a54b0b637e4d144cbc9c9e40043cb36137e0f4	SOURCE_TYPESCRIPT	INVENTORIED_NOT_OWNED	INVENTORIED_ONLY		Archive member hashed and accounted for; outside R07 substantive ownership.
apps/web/src/app/process-contract.ts	2672	05fff3436bf4c461b5cc934eed9fe50380f56890222049d10cbb61806a463187	SOURCE_TYPESCRIPT	INVENTORIED_NOT_OWNED	INVENTORIED_ONLY		Archive member hashed and accounted for; outside R07 substantive ownership.
apps/web/src/app/router.tsx	1186	3be4c086ff9898a0a204f064563277712077ada5eff621644ba55aed9d892b92	OTHER	INVENTORIED_NOT_OWNED	INVENTORIED_ONLY		Archive member hashed and accounted for; outside R07 substantive ownership.
apps/web/src/app/shell.tsx	22536	ca853137503ad688e08f287170378fc4ab2aea368d618863037e5f4b5f746189	OTHER	INVENTORIED_NOT_OWNED	INVENTORIED_ONLY		Archive member hashed and accounted for; outside R07 substantive ownership.
apps/web/src/app/url-state.ts	2236	1507612e1a16f75868d8579401ece2d7df44005eff78ae8000a4e547d4e7cae4	SOURCE_TYPESCRIPT	INVENTORIED_NOT_OWNED	INVENTORIED_ONLY		Archive member hashed and accounted for; outside R07 substantive ownership.
apps/web/src/index.ts	2186	bd900fbc3f1470aba84043cdd354d73f3d6507553661e39bb029414bf1261f8f	SOURCE_TYPESCRIPT	INVENTORIED_NOT_OWNED	INVENTORIED_ONLY		Archive member hashed and accounted for; outside R07 substantive ownership.
apps/web/src/main.tsx	708	eee8f4d6f3d9bfd028a2fd1ae52c58a3439919f08ed004b10c2bc144450de075	OTHER	INVENTORIED_NOT_OWNED	INVENTORIED_ONLY		Archive member hashed and accounted for; outside R07 substantive ownership.
apps/web/src/styles/app.css	7247	1c73c7a7734f56267d532581719d51e91e081034cff3f8f836b3621ebf912ab5	OTHER	INVENTORIED_NOT_OWNED	INVENTORIED_ONLY		Archive member hashed and accounted for; outside R07 substantive ownership.
apps/web/src/styles/tokens.css	717	a7b1c813bf3b0350dd7ac0bd516eb6c16e2d534c94d8419e1074c68edddcd98e	OTHER	INVENTORIED_NOT_OWNED	INVENTORIED_ONLY		Archive member hashed and accounted for; outside R07 substantive ownership.
apps/web/src/types/css.d.ts	24	da5bf71d48cf909584a01c80b445f730507068f5b34c920f352e2bfcf0315e4c	SOURCE_TYPESCRIPT	INVENTORIED_NOT_OWNED	INVENTORIED_ONLY		Archive member hashed and accounted for; outside R07 substantive ownership.
apps/web/src/types/import-meta.d.ts	137	6a643cefd551bc6af93c5d0a1ae5c819e5ed8e5d6c2fd71c44a2574ac666d555	SOURCE_TYPESCRIPT	INVENTORIED_NOT_OWNED	INVENTORIED_ONLY		Archive member hashed and accounted for; outside R07 substantive ownership.
apps/web/tsconfig.json	280	08d14185e9ef726ff624d50ad3acbfa4b833bbbf68d1977f809639b23545440b	JSON_DATA_OR_CONFIG	INVENTORIED_NOT_OWNED	INVENTORIED_ONLY		Archive member hashed and accounted for; outside R07 substantive ownership.
apps/web/vite.config.ts	1310	e301880118cb5b78f7996a7478bdb4fab617ab85873fcea19a99ae3029364a5b	SOURCE_TYPESCRIPT	INVENTORIED_NOT_OWNED	INVENTORIED_ONLY		Archive member hashed and accounted for; outside R07 substantive ownership.
automation.config.sh	5189	67b4bc779c586d5318ce66bc5e35dd1e0b643ebb6cc5b85c2f21082a97e74ead	SHELL_SCRIPT	INVENTORIED_NOT_OWNED	INVENTORIED_ONLY		Archive member hashed and accounted for; outside R07 substantive ownership.
backlog/README.md	2762	729c0577280eac3343aa2bb20afcb094c7c5722458c9363482dcf46952319288	DOCUMENTATION	INVENTORIED_NOT_OWNED	INVENTORIED_ONLY		Archive member hashed and accounted for; outside R07 substantive ownership.
backlog/bws_b1_cross_venue_implementation.csv	3218	edc4efcfba09c8623d6f62a90f506471970b851bb8e094ee367225a35d389bf5	TABULAR_AUTHORITY	INVENTORIED_NOT_OWNED	INVENTORIED_ONLY		Archive member hashed and accounted for; outside R07 substantive ownership.
backlog/bws_b1_cross_venue_map.csv	3331	551a63bca5d80b43a1b242d7cedffeac652de0e61099305d505a48a125e4b17e	TABULAR_AUTHORITY	INVENTORIED_NOT_OWNED	INVENTORIED_ONLY		Archive member hashed and accounted for; outside R07 substantive ownership.
backlog/bws_full_implementation.csv	11239	bc7380bc47db8aedace602eea5b8556d3afa28582f6e471d5d4353ccd73a4425	TABULAR_AUTHORITY	INVENTORIED_NOT_OWNED	INVENTORIED_ONLY		Archive member hashed and accounted for; outside R07 substantive ownership.
backlog/bws_remaining_safe_local_map.csv	5112	78d69e5a7ceadfb9e7dec9e296a9dd658c7586668421552fc4cfea8e6e425246	TABULAR_AUTHORITY	INVENTORIED_NOT_OWNED	INVENTORIED_ONLY		Archive member hashed and accounted for; outside R07 substantive ownership.
check_progress.sh	4262	26bb85d1ff30c852af5370c158ff00c62b6e87a54a11f870983273b7a0cb6cdb	SHELL_SCRIPT	R07_PRIMARY	DEEP_TRACED	BWS120-R07-019	Owned production/test/authority path traced to symbols and consumers.
cleanup_automation_artifact_residue.sh	4128	9f949c69c1b1bafd865d6c75c814a7ba3ed4faffc51cf0b3702bda358cd9c43a	SHELL_SCRIPT	INVENTORIED_NOT_OWNED	INVENTORIED_ONLY		Archive member hashed and accounted for; outside R07 substantive ownership.
cleanup_automation_temp_inode_residue.sh	4977	f0cb436ad5f0b49f7c9b55d059f93f7751183ef8bb8e8eb32d855062dc708d4f	SHELL_SCRIPT	INVENTORIED_NOT_OWNED	INVENTORIED_ONLY		Archive member hashed and accounted for; outside R07 substantive ownership.
cli.js	5323	acd4aa4ba64dbcacbc891ffe1af22699d9a240f16d3411ac3ea6998048d63349	OTHER	R07_MATERIAL_CALLER	TRACED_FOR_HANDOFF		Material caller or shared contract traced to establish R07 behavior or handoff.
commands/run-pinned-interface-smoke.sh	1930	38531aa3ca33ad2e034af1de3628c349f1836eaf322411228fa65b791c46c85d	SHELL_SCRIPT	INVENTORIED_NOT_OWNED	INVENTORIED_ONLY		Archive member hashed and accounted for; outside R07 substantive ownership.
commands/run-sure-001-autonomous.sh	307	9d72647327173d1c7fc7e6ee3da9ea62555fbee6368de4ef8389250c7f5333f2	SHELL_SCRIPT	INVENTORIED_NOT_OWNED	INVENTORIED_ONLY		Archive member hashed and accounted for; outside R07 substantive ownership.
commands/run-sure-local-engine-autonomous.sh	307	9d72647327173d1c7fc7e6ee3da9ea62555fbee6368de4ef8389250c7f5333f2	SHELL_SCRIPT	INVENTORIED_NOT_OWNED	INVENTORIED_ONLY		Archive member hashed and accounted for; outside R07 substantive ownership.
commands/run-sure-paper-mode-autonomous.sh	506	7ede53128d16aba34662fa3d136626b53950934a1eb468da1478f124943495e5	SHELL_SCRIPT	INVENTORIED_NOT_OWNED	INVENTORIED_ONLY		Archive member hashed and accounted for; outside R07 substantive ownership.
config/betting-win.upstream-baseline.json	2160	34eadb2cbf27e416d44e205229f6328c8e48ad83edaabd3aad7772e2988e2a1f	JSON_DATA_OR_CONFIG	INVENTORIED_NOT_OWNED	INVENTORIED_ONLY		Archive member hashed and accounted for; outside R07 substantive ownership.
config/bws.private.env.template	2335	23a839551763514d6357a919d062662f32ac08fa4cbf10eafb23d7375709d1f2	OTHER	INVENTORIED_NOT_OWNED	INVENTORIED_ONLY		Archive member hashed and accounted for; outside R07 substantive ownership.
database/migrations/surebet/001_create_upstream_locks_and_import_runs.sql	2004	9e42a36b06adc858c25e72c4fd6ab41500cdfdcbbb3e0a7ae556efd2ec771584	OTHER	CROSS_AREA_REFERENCE	INVENTORIED_AND_SCOPED		Classified and conservatively scoped; no new R07 root assigned.
database/migrations/surebet/002_create_pinned_strategy_exports.sql	1503	ade03b500f36cfc1bd1b85aaa551db6945918e25a64f6934b3d85f6eec245e3d	OTHER	CROSS_AREA_REFERENCE	INVENTORIED_AND_SCOPED		Classified and conservatively scoped; no new R07 root assigned.
database/migrations/surebet/003_create_strategy_ledger_entries.sql	2530	b3a7695bfba8fedaa0bb3fccefdde9ae11d893e63a67b493647f0818ce507071	OTHER	CROSS_AREA_REFERENCE	INVENTORIED_AND_SCOPED		Classified and conservatively scoped; no new R07 root assigned.
database/migrations/surebet/004_create_worker_jobs.sql	5389	9756445dbfbdac6226413098d1253527578d9420543287842c30d034df162b9c	OTHER	CROSS_AREA_REFERENCE	INVENTORIED_AND_SCOPED		Classified and conservatively scoped; no new R07 root assigned.
database/migrations/surebet/005_create_upstream_export_convergence_checkpoints.sql	2040	8d3c09c06b61e4fb1774879c51467381b70bbe6f46c86c660345c63667089e3c	OTHER	CROSS_AREA_REFERENCE	INVENTORIED_AND_SCOPED		Classified and conservatively scoped; no new R07 root assigned.
database/migrations/surebet/006_create_upstream_api_convergence_checkpoints.sql	1652	3d5ac1c0f2d89aac08acb057668b87b2e9116f274ff78020568dc82522f270f7	OTHER	CROSS_AREA_REFERENCE	INVENTORIED_AND_SCOPED		Classified and conservatively scoped; no new R07 root assigned.
database/migrations/surebet/007_create_private_paper_runtime_scheduler_checkpoints.sql	1181	b0ec918132e247f3265145787e3bf9b30320ae2c415937c0578d373e5ec8be57	OTHER	CROSS_AREA_REFERENCE	INVENTORIED_AND_SCOPED		Classified and conservatively scoped; no new R07 root assigned.
database/migrations/surebet/008_create_b1_upstream_convergence_checkpoints.sql	1265	33a2287c537afe1aa2a666b14365fa3a3247900d41d4303116fdcecd04b54672	OTHER	CROSS_AREA_REFERENCE	INVENTORIED_AND_SCOPED		Classified and conservatively scoped; no new R07 root assigned.
database/migrations/surebet/009_create_b1_backtest_runs.sql	1575	c5b9b66325ca16346c48176236b73dea7fd79f51b5b18aba8ae73d33d7ad12ea	OTHER	CROSS_AREA_REFERENCE	INVENTORIED_AND_SCOPED		Classified and conservatively scoped; no new R07 root assigned.
database/migrations/surebet/010_create_b1_candidate_snapshots.sql	832	83da55cee8bc46ca6f47b8584aaa81c08794a268f5147fc9bef320201a79b78a	OTHER	CROSS_AREA_REFERENCE	INVENTORIED_AND_SCOPED		Classified and conservatively scoped; no new R07 root assigned.
database/migrations/surebet/011_create_b1_simulation_results.sql	826	3e748cb212558268e675df42f809ce9e3cd29b8527a83fd9c00c5897341d15fa	OTHER	CROSS_AREA_REFERENCE	INVENTORIED_AND_SCOPED		Classified and conservatively scoped; no new R07 root assigned.
database/migrations/surebet/012_create_b1_private_observation_cycles.sql	1529	5c4858bb130178460e45226677c6cc74610628badeca3632425c0a0838a474a6	OTHER	CROSS_AREA_REFERENCE	INVENTORIED_AND_SCOPED		Classified and conservatively scoped; no new R07 root assigned.
decisions/ADR-0001-repo-boundary-and-no-provider-connections.md	1090	9ccc0e1d2c54d4f0dc073e77fd8a5f6ba242d4563f29a4b23bf847d273ef5552	DOCUMENTATION	INVENTORIED_NOT_OWNED	INVENTORIED_ONLY		Archive member hashed and accounted for; outside R07 substantive ownership.
decisions/ADR-0002-first-lane-polymarket-standard-binary-complete-set.md	944	6e0bbc42fabbe634a68b2f12b38fdc5a3f77dc3caecbf6a03776fb0cf6028e04	DOCUMENTATION	INVENTORIED_NOT_OWNED	INVENTORIED_ONLY		Archive member hashed and accounted for; outside R07 substantive ownership.
decisions/ADR-0003-paper-only-no-execution.md	554	f0140aa5352c765a7a30d0154fcb69dfd3f15e38bde7b7e840351cde7400b1b1	DOCUMENTATION	INVENTORIED_NOT_OWNED	INVENTORIED_ONLY		Archive member hashed and accounted for; outside R07 substantive ownership.
decisions/ADR-0004-three-repo-surebet-strategy-execution-boundary.md	1158	cd8d43b0fd4eae4305409027543f75ed078e191735313c3c88db79a4dbe29105	DOCUMENTATION	INVENTORIED_NOT_OWNED	INVENTORIED_ONLY		Archive member hashed and accounted for; outside R07 substantive ownership.
decisions/ADR-0005-bws-built-on-betting-win-platform.md	2587	6d5380a3f15b709cdc910697012ea9b7fa566661738442391ebf65b90a43bec7	DOCUMENTATION	INVENTORIED_NOT_OWNED	INVENTORIED_ONLY		Archive member hashed and accounted for; outside R07 substantive ownership.
decisions/ADR-0006-full-stack-runtime-and-automation-boundary.md	1646	5040c799b18b142213d244c0b9aeb6cd75ec1d6ea9610bee0a089837d1f3a1f6	DOCUMENTATION	INVENTORIED_NOT_OWNED	INVENTORIED_ONLY		Archive member hashed and accounted for; outside R07 substantive ownership.
deployment/systemd-user/bws-operator.service.template	807	ea4b7762d1c747f25f2cd9a779ef05e44ea25a2c026363461f85fe6608d64b4c	OTHER	INVENTORIED_NOT_OWNED	INVENTORIED_ONLY		Archive member hashed and accounted for; outside R07 substantive ownership.
docs/000_documentation_index.md	16894	ec4b7d3c4c85023e57575ef3b924b1d11fb9cf95b120dad2d1dbf47de4463667	DOCUMENTATION	CROSS_AREA_REFERENCE	INVENTORIED_AND_SCOPED		Classified and conservatively scoped; no new R07 root assigned.
docs/001_scope_and_boundaries.md	2231	5bf60776a0f8e6f86b87893de7091206add67490a181ffc6148d6b08cabcda09	DOCUMENTATION	CROSS_AREA_REFERENCE	INVENTORIED_AND_SCOPED		Classified and conservatively scoped; no new R07 root assigned.
docs/002_dependency_contract_with_betting_win.md	8163	bdba05055d9c507d4d4ba1901d1cb5d18a15e8359b6c84a4027a6eaadb87ec3b	DOCUMENTATION	CROSS_AREA_REFERENCE	INVENTORIED_AND_SCOPED		Classified and conservatively scoped; no new R07 root assigned.
docs/003_surebet_family_decision.md	786	af886f0322dfeb1db6de87a66c0b7bf2b072f58f6d59e3bacb2ceb077a59b7c9	DOCUMENTATION	CROSS_AREA_REFERENCE	INVENTORIED_AND_SCOPED		Classified and conservatively scoped; no new R07 root assigned.
docs/004_market_identity_and_rule_equivalence.md	676	ba5dc72b731d38ff4a6b473c25ad5c8bae36bd1fa4ec6631165891410e68819f	DOCUMENTATION	CROSS_AREA_REFERENCE	INVENTORIED_AND_SCOPED		Classified and conservatively scoped; no new R07 root assigned.
docs/005_terminal_scenario_cashflow_model.md	602	f68e9cd24244eb45a9446dbb816c8b36ce272874000ee1c92fa83e539692a0c9	DOCUMENTATION	CROSS_AREA_REFERENCE	INVENTORIED_AND_SCOPED		Classified and conservatively scoped; no new R07 root assigned.
docs/006_quote_depth_capacity_requirements.md	745	2d6359933e5baa47cd4dad99ad42327af1a29749f883c1d9da922c094a8a6934	DOCUMENTATION	CROSS_AREA_REFERENCE	INVENTORIED_AND_SCOPED		Classified and conservatively scoped; no new R07 root assigned.
docs/007_stake_vector_solver_contract.md	600	018cedd21c82398ffbd3f1bdf3a828e7c3db94303e9b42fa642762c36acf26c5	DOCUMENTATION	CROSS_AREA_REFERENCE	INVENTORIED_AND_SCOPED		Classified and conservatively scoped; no new R07 root assigned.
docs/008_leg_completion_and_residual_exposure.md	561	3f3f2d1c8151669b7b3c4eb80dd47bf48168db4c778ee9b9afedacc3ca2e7a6f	DOCUMENTATION	CROSS_AREA_REFERENCE	INVENTORIED_AND_SCOPED		Classified and conservatively scoped; no new R07 root assigned.
docs/009_settlement_replay_contract.md	532	54550c8ec9245686709d0f4b3bc9570efb4ecf16fe52e03ca8e2fa7e3a88e2b4	DOCUMENTATION	CROSS_AREA_REFERENCE	INVENTORIED_AND_SCOPED		Classified and conservatively scoped; no new R07 root assigned.
docs/010_paper_evaluation_and_kill_criteria.md	1486	79fc00c69fd122ff3cfcc62b08d1ac7a988404da4f5cba5b44b78f501f1a9e7a	DOCUMENTATION	CROSS_AREA_REFERENCE	INVENTORIED_AND_SCOPED		Classified and conservatively scoped; no new R07 root assigned.
docs/011_validation_matrix.md	3859	3ac1f93e7e71b15e47644f945e081dbb58acaa8964bdb927963530e9b3445870	DOCUMENTATION	CROSS_AREA_REFERENCE	INVENTORIED_AND_SCOPED		Classified and conservatively scoped; no new R07 root assigned.
docs/012_runbook.md	3219	c0cfe1e75e4dde78561dae7905411a1b308c3d9c760c735e88ee81c81fdec21c	DOCUMENTATION	CROSS_AREA_REFERENCE	INVENTORIED_AND_SCOPED		Classified and conservatively scoped; no new R07 root assigned.
docs/013_autonomous_controller_status_contract.md	752	3d7d092bc341de96c488b5d1e74089d620b8ba4a2876d5fb323a2faec4954be2	DOCUMENTATION	CROSS_AREA_REFERENCE	INVENTORIED_AND_SCOPED		Classified and conservatively scoped; no new R07 root assigned.
docs/016_pinned_betting_win_interface_readiness.md	1737	d1870f6e9a14ef562925be6112b858f4432a27395ffbae9dca3f221986d1b26c	DOCUMENTATION	CROSS_AREA_REFERENCE	INVENTORIED_AND_SCOPED		Classified and conservatively scoped; no new R07 root assigned.
docs/018_private_paper_mode_runbook.md	3029	9888143cd7ef63f643d5f777399aa124ad71bdf0e01c443795804ff6b1c40b3a	DOCUMENTATION	CROSS_AREA_REFERENCE	INVENTORIED_AND_SCOPED		Classified and conservatively scoped; no new R07 root assigned.
docs/019_three_repo_surebet_strategy_boundary.md	1420	a98901737d653d3d919634e04516ae9bfe9716dba6a37f941163baa34d80e38b	DOCUMENTATION	CROSS_AREA_REFERENCE	INVENTORIED_AND_SCOPED		Classified and conservatively scoped; no new R07 root assigned.
docs/020_strategy_data_and_state_ownership.md	1226	6caf0e2e5b24ed69c06c574242cd8553a75d69222e6833248e795dc004ecac06	DOCUMENTATION	CROSS_AREA_REFERENCE	INVENTORIED_AND_SCOPED		Classified and conservatively scoped; no new R07 root assigned.
docs/021_backtest_paper_live_mode_roadmap.md	1515	8b9d2075ac1c260b08729f924154a38a2dc2202b4b345f27969147a798e1a4e4	DOCUMENTATION	CROSS_AREA_REFERENCE	INVENTORIED_AND_SCOPED		Classified and conservatively scoped; no new R07 root assigned.
docs/022_separate_account_policy.md	796	cea79886ead0711a5ef8a71bbbfe61df1277685666a42c142d5af24d0b95859c	DOCUMENTATION	CROSS_AREA_REFERENCE	INVENTORIED_AND_SCOPED		Classified and conservatively scoped; no new R07 root assigned.
docs/026_betting_win_platform_baseline.md	2655	f54864ce72a2bab80b57ad55f16b2c0458237cbcd88d7abe43bf2f45d5bbcae6	DOCUMENTATION	CROSS_AREA_REFERENCE	INVENTORIED_AND_SCOPED		Classified and conservatively scoped; no new R07 root assigned.
docs/027_bws_target_architecture.md	3086	a89439d9b50944e0c996572f9251f249b989d09e50fedf5fec673d876389fc50	DOCUMENTATION	CROSS_AREA_REFERENCE	INVENTORIED_AND_SCOPED		Classified and conservatively scoped; no new R07 root assigned.
docs/028_full_implementation_program.md	3161	f98149c9e3a3e728b1a47a7c0a7c649095d5af55abbe68b2dae0d513f84b72db	DOCUMENTATION	CROSS_AREA_REFERENCE	INVENTORIED_AND_SCOPED		Classified and conservatively scoped; no new R07 root assigned.
docs/029_full_implementation_task_ledger.md	2945	fa76de16b583d049f69564df66ed537ff6718bdf0848dd476e1889cc2a0430e1	DOCUMENTATION	CROSS_AREA_REFERENCE	INVENTORIED_AND_SCOPED		Classified and conservatively scoped; no new R07 root assigned.
docs/030_upstream_compatibility_and_pin_contract.md	3644	64bc6862ea9c66aeef74af2441f6f105260dd23a310c0a8ebd5a3a9d5de01297	DOCUMENTATION	CROSS_AREA_REFERENCE	INVENTORIED_AND_SCOPED		Classified and conservatively scoped; no new R07 root assigned.
docs/031_bws_api_ui_worker_contract.md	1653	e8ad7f1ef20cf289bae9ca1ddaa626a45e0e97ebbcc949b659b2111e6b5975c3	DOCUMENTATION	CROSS_AREA_REFERENCE	INVENTORIED_AND_SCOPED		Classified and conservatively scoped; no new R07 root assigned.
docs/032_database_and_data_lifecycle.md	1903	a903492311549a07df04bf94f20139860aa773bb1f7599ba1a99497da4a701a8	DOCUMENTATION	CROSS_AREA_REFERENCE	INVENTORIED_AND_SCOPED		Classified and conservatively scoped; no new R07 root assigned.
docs/033_continuous_private_paper_runtime_program.md	4017	5b6bfe2f2a7e73201c4eda56fcedc1592a88e1f76659272c5802c3f848327583	DOCUMENTATION	CROSS_AREA_REFERENCE	INVENTORIED_AND_SCOPED		Classified and conservatively scoped; no new R07 root assigned.
docs/034_remaining_operator_runtime_implementation_program.md	5594	bbcd3753f3fd4c79f06db3388fe72fd0b385f4f591099d839fbc0036e23774de	DOCUMENTATION	CROSS_AREA_REFERENCE	INVENTORIED_AND_SCOPED		Classified and conservatively scoped; no new R07 root assigned.
docs/035_continuous_service_supervisor_contract.md	4969	cae4ce541c65848974de8c4568e72b6d2d3d151d9f2c3eaf52cb50e6777c8505	DOCUMENTATION	CROSS_AREA_REFERENCE	INVENTORIED_AND_SCOPED		Classified and conservatively scoped; no new R07 root assigned.
docs/036_root_wrappers_and_paper_automation_integration.md	4914	02ca701af75f51ec7726e3daf4d9a6378b2adac893e1f75e2e21ef09cc993859	DOCUMENTATION	CROSS_AREA_REFERENCE	INVENTORIED_AND_SCOPED		Classified and conservatively scoped; no new R07 root assigned.
docs/037_database_backup_retention_and_recovery.md	2185	6d65630b7d351c1e59318f4761cbb05de099d1661c37fea18d5bf603fd560d10	DOCUMENTATION	CROSS_AREA_REFERENCE	INVENTORIED_AND_SCOPED		Classified and conservatively scoped; no new R07 root assigned.
docs/038_observability_metrics_and_evidence_contract.md	2327	b244f607ae9a2f03f808cf746aa820a263fb669dadcbc74c9ed5a6ec33b9e556	DOCUMENTATION	R07_PRIMARY	DEEP_TRACED	BWS120-R07-008	Owned production/test/authority path traced to symbols and consumers.
docs/039_release_deployment_and_upgrade_contract.md	2079	62bffb897f6ec26c58782fa097e31d0e4c2a7c9e3f9f2bd9a8b4da1c9d3f3ad5	DOCUMENTATION	CROSS_AREA_REFERENCE	INVENTORIED_AND_SCOPED		Classified and conservatively scoped; no new R07 root assigned.
docs/040_soak_failure_injection_and_operator_acceptance.md	3478	77880ec5e44fc9f7364e2b8449caea02e0575834c9e57c9a90aca6d53baff608	DOCUMENTATION	CROSS_AREA_REFERENCE	INVENTORIED_AND_SCOPED		Classified and conservatively scoped; no new R07 root assigned.
docs/041_external_runtime_preflight_and_bws600_campaign.md	3617	2b660f97040f6893f0110172a0f3e5ebe0b6e25f64f0e8ea4daf8ab310242620	DOCUMENTATION	R07_PRIMARY	DEEP_TRACED	BWS120-R07-015	Owned production/test/authority path traced to symbols and consumers.
docs/042_release_packaging_implementation_blueprint.md	6213	1118376616fba138c8b70b6274a9799f812c7ccd3a9b177f08f7fe013406ea99	DOCUMENTATION	CROSS_AREA_REFERENCE	INVENTORIED_AND_SCOPED		Classified and conservatively scoped; no new R07 root assigned.
docs/043_upgrade_rollback_recovery_implementation_blueprint.md	4838	46513efa6bd4be9b897a26dae42431a8c0b5438f3f9c44f2a42af70a4dc811a3	DOCUMENTATION	CROSS_AREA_REFERENCE	INVENTORIED_AND_SCOPED		Classified and conservatively scoped; no new R07 root assigned.
docs/044_soak_failure_injection_implementation_blueprint.md	4761	b0c656df49271f258808d8817159c0faa63df636a801a9cc8183d3d3f662384d	DOCUMENTATION	CROSS_AREA_REFERENCE	INVENTORIED_AND_SCOPED		Classified and conservatively scoped; no new R07 root assigned.
docs/045_external_runtime_preflight_implementation_blueprint.md	5098	d410e6d47d5bd3d8c2cc90472943560356c3af8ea80f29560bf67e6a9f2df5f0	DOCUMENTATION	R07_PRIMARY	DEEP_TRACED		Owned production/test/authority path traced to symbols and consumers.
docs/046_final_local_acceptance_implementation_blueprint.md	4768	9d77476860f28ff96f8f90f31d9686f4978433606e19b1c3fe3f7292750f74fb	DOCUMENTATION	R07_PRIMARY	DEEP_TRACED		Owned production/test/authority path traced to symbols and consumers.
docs/047_b1_cross_venue_offline_falsification_program.md	5298	6f0099cd31db79c590159c7134895821072a37209b0daf01a884e8652b8a1c24	DOCUMENTATION	CROSS_AREA_REFERENCE	INVENTORIED_AND_SCOPED		Classified and conservatively scoped; no new R07 root assigned.
docs/048_b1_upstream_contract.md	4250	a37339908cf947ab24dc9580345f0c742f39e1ca167544221a6f4ae138e2cecc	DOCUMENTATION	CROSS_AREA_REFERENCE	INVENTORIED_AND_SCOPED		Classified and conservatively scoped; no new R07 root assigned.
docs/049_b1_market_equivalence.md	2436	8b6dc3fb7d20213e0a60906d9bb217d4d19bdb5339a79bdd45b9fa4bceb4f543	DOCUMENTATION	CROSS_AREA_REFERENCE	INVENTORIED_AND_SCOPED		Classified and conservatively scoped; no new R07 root assigned.
docs/050_b1_falsification_acceptance.md	2577	3ea87cc62935c08af9d0535ec13a90be3825c4d8f579a53c58a6beaeeae50735	DOCUMENTATION	CROSS_AREA_REFERENCE	INVENTORIED_AND_SCOPED		Classified and conservatively scoped; no new R07 root assigned.
docs/051_b1_implementation_map.md	4804	a7505e399280e62a17ca90460e135802627c850dbc47a7d8200bb77274774dde	DOCUMENTATION	CROSS_AREA_REFERENCE	INVENTORIED_AND_SCOPED		Classified and conservatively scoped; no new R07 root assigned.
docs/052_b1_future_strategy_stubs.md	1533	1790e781ed9a6055c2527648b313ea98104f3d16f2293d73bacabccb75a3a248	DOCUMENTATION	CROSS_AREA_REFERENCE	INVENTORIED_AND_SCOPED		Classified and conservatively scoped; no new R07 root assigned.
docs/MASTER_PLAN.md	8089	66114721e6be77ab24e896cfda2e1ae8df32eea2382f03bd696eb39ed4b20dac	DOCUMENTATION	CROSS_AREA_REFERENCE	INVENTORIED_AND_SCOPED		Classified and conservatively scoped; no new R07 root assigned.
docs/automation/POST_OVERLAY_CLEANUP.md	1261	f70ea5ad69584046cd0c5830afd77dbad87816b5a8755b6f5b4a60a67a0d2316	DOCUMENTATION	CROSS_AREA_REFERENCE	INVENTORIED_AND_SCOPED		Classified and conservatively scoped; no new R07 root assigned.
docs/automation/PROTECTED_AUTOMATION_FILES.md	6392	00d3d8be4230d5d74a154ff2c640ff67499f095c3111e3b4cc9830f665cd57f7	DOCUMENTATION	CROSS_AREA_REFERENCE	INVENTORIED_AND_SCOPED		Classified and conservatively scoped; no new R07 root assigned.
docs/automation/README.md	13937	54ac0cd2f3819bccd6748db480b5d870d0b21dbac8f42f003a411b72eacdbf10	DOCUMENTATION	CROSS_AREA_REFERENCE	INVENTORIED_AND_SCOPED		Classified and conservatively scoped; no new R07 root assigned.
docs/automation/SSH_KEY_SETUP.md	1014	f66d99bd25463935d3567260c153416d1c20f41f20234a2f8dbffd19360dcebb	DOCUMENTATION	CROSS_AREA_REFERENCE	INVENTORIED_AND_SCOPED		Classified and conservatively scoped; no new R07 root assigned.
docs/automation/api-only-upstream.md	2270	52031ce84c470b72aeb2f70b02de0f63035794c74481b2c3c687f5fdfa12d3ad	DOCUMENTATION	CROSS_AREA_REFERENCE	INVENTORIED_AND_SCOPED		Classified and conservatively scoped; no new R07 root assigned.
docs/automation/artifact-retention-and-cleanup.md	3707	3e36a739613028a8920f6ee2bea31a8ccfdadad6ffc47f801ce2d769e7804efe	DOCUMENTATION	CROSS_AREA_REFERENCE	INVENTORIED_AND_SCOPED		Classified and conservatively scoped; no new R07 root assigned.
docs/automation/autonomous-bugfix.md	3727	1362a4cf8c2c1a547d94e2cbb60ff98e4c327cff719a5aacddc34d861206a2c1	DOCUMENTATION	CROSS_AREA_REFERENCE	INVENTORIED_AND_SCOPED		Classified and conservatively scoped; no new R07 root assigned.
docs/automation/autonomous-implementation.md	5396	68b8cad77f1cc7e24387366c3a49e2c840f949199f16d73bb44308c2c3683f36	DOCUMENTATION	CROSS_AREA_REFERENCE	INVENTORIED_AND_SCOPED		Classified and conservatively scoped; no new R07 root assigned.
docs/automation/bugfix-autopilot.md	6857	5bc14bd77892bae4c473690e6f9d964299ff66ad4560b86373965456f732949e	DOCUMENTATION	CROSS_AREA_REFERENCE	INVENTORIED_AND_SCOPED		Classified and conservatively scoped; no new R07 root assigned.
docs/automation/current-implementation-task.md	8395	f67db876487f2ac92ad8bb56fa3f8b851e980f6fd37cbc85476f6370a45a8b4d	DOCUMENTATION	R07_MATERIAL_CALLER	TRACED_FOR_HANDOFF		Material caller or shared contract traced to establish R07 behavior or handoff.
docs/automation/paper-autopilot.md	4117	818a4a9fb9279ebbd8bef55f5429b79aac7b5f66c06428228d7ffb0671dc5d1b	DOCUMENTATION	CROSS_AREA_REFERENCE	INVENTORIED_AND_SCOPED		Classified and conservatively scoped; no new R07 root assigned.
docs/automation/paper-evaluation.md	1882	22d8491992308f7baa43cfcf2682533f16e98ad59f59b27e73aaa5d2f2b859ba	DOCUMENTATION	CROSS_AREA_REFERENCE	INVENTORIED_AND_SCOPED		Classified and conservatively scoped; no new R07 root assigned.
docs/automation/repo-profile.md	3464	424fda399b9a7ff13a530c23e6bdc9e4caf8029780c1d50b6c3ad59d6607eec9	DOCUMENTATION	CROSS_AREA_REFERENCE	INVENTORIED_AND_SCOPED		Classified and conservatively scoped; no new R07 root assigned.
docs/automation/repository-temp-inode-safety.md	7940	95af2c4c95bd4df1f8655304141e2fa5009bd46f7d759d2f75ade4a1f4c9bad7	DOCUMENTATION	CROSS_AREA_REFERENCE	INVENTORIED_AND_SCOPED		Classified and conservatively scoped; no new R07 root assigned.
docs/automation/telegram-notifications.md	3465	35e55a4abf01e4dc878a486304bd4c9371ad57d18db786f6c31ae624b10216a9	DOCUMENTATION	CROSS_AREA_REFERENCE	INVENTORIED_AND_SCOPED		Classified and conservatively scoped; no new R07 root assigned.
docs/autonomous_loop_contract.md	3185	40c3ef75cac821b7b6974ac0ccb34c44b20d09c129c4fa563df952fcc6d970e1	DOCUMENTATION	CROSS_AREA_REFERENCE	INVENTORIED_AND_SCOPED		Classified and conservatively scoped; no new R07 root assigned.
docs/legacy/surebet-research/105_polymarket_complete_set_paper_experiment_gate_after_prompt28.md	2146	7d2e5630a08efad9584681da2750137a5d5b99835e6b9e183fb7a3f3678d4c97	DOCUMENTATION	CROSS_AREA_REFERENCE	INVENTORIED_AND_SCOPED		Classified and conservatively scoped; no new R07 root assigned.
docs/legacy/surebet-research/90_stage25_prompt26_surebet_academic_review_and_next_steps.md	2559	bc9bada06acba7dd0f92791390e04cd02294a1a91dae40a1940c774a6845660a	DOCUMENTATION	CROSS_AREA_REFERENCE	INVENTORIED_AND_SCOPED		Classified and conservatively scoped; no new R07 root assigned.
docs/legacy/surebet-research/91_surebet_math_and_execution_corrections_after_prompt26.md	1661	e7a7323ed03b15ea123e8a1a927ad4585443a5c1fca110563f906ce6a9b8c922	DOCUMENTATION	CROSS_AREA_REFERENCE	INVENTORIED_AND_SCOPED		Classified and conservatively scoped; no new R07 root assigned.
docs/legacy/surebet-research/92_surebet_operational_research_plan_after_prompt26.md	1632	d3675b7eb205267d3f69b08c9b92cc5c2c225511017f46c79c29ddd69184012d	DOCUMENTATION	CROSS_AREA_REFERENCE	INVENTORIED_AND_SCOPED		Classified and conservatively scoped; no new R07 root assigned.
docs/legacy/surebet-research/98_stage27_reference_bot_repository_audit_and_next_steps.md	3235	e61a5a84ec28dadc1bab9a9c48afc85aa5ff58eaea1255184cae3c95febf5890	DOCUMENTATION	CROSS_AREA_REFERENCE	INVENTORIED_AND_SCOPED		Classified and conservatively scoped; no new R07 root assigned.
docs/legacy/surebet-research/99_surebet_system_design_lessons_from_reference_bots.md	3659	20dfa2a685512e487c1ad8b97d9eb1caeb3d8a41020bfb5298ba5c93819969a3	DOCUMENTATION	CROSS_AREA_REFERENCE	INVENTORIED_AND_SCOPED		Classified and conservatively scoped; no new R07 root assigned.
docs/legacy/surebet-research/README.md	1374	cc1f95ac27328fa4e8e04fd28a956c62a19f3710e969221e3c645abf61b259fb	DOCUMENTATION	CROSS_AREA_REFERENCE	INVENTORIED_AND_SCOPED		Classified and conservatively scoped; no new R07 root assigned.
docs/operations/autonomous_72h_runbook.md	2192	6a2191059eb76aadf8c2299a1e829c5bb33da63c3d11749eba47fedda282adb7	DOCUMENTATION	CROSS_AREA_REFERENCE	INVENTORIED_AND_SCOPED		Classified and conservatively scoped; no new R07 root assigned.
docs/operations/service_run.md	2638	66a3616e55bd092140c3847e5592a8d447d9015ca8182ac09e06af4cbe9596ab	DOCUMENTATION	CROSS_AREA_REFERENCE	INVENTORIED_AND_SCOPED		Classified and conservatively scoped; no new R07 root assigned.
docs/repo_status_current.md	14529	af4f9d0fa5c84385d3d4fae2cf401410f4aa563c9f2649df5d16577ea3ca34b8	DOCUMENTATION	R07_MATERIAL_CALLER	TRACED_FOR_HANDOFF		Material caller or shared contract traced to establish R07 behavior or handoff.
docs/reviews/BWS117/wave-01/README.md	1582	cfccb357bb20f7a460c188271833b2bf7451b255b56309a222f42f55b29dcc62	REVIEW_AUTHORITY	INHERITED_AUTHORITY	OVERLAP_CHECKED		Prior R01-R06 review authority read for overlap and stable-ID preservation.
docs/reviews/BWS117/wave-01/area-coverage.md	1180	e7aa125dbf6b5663668e552a477ca114a302b573a05ee0d3cdd809e02a5ba065	REVIEW_AUTHORITY	INHERITED_AUTHORITY	OVERLAP_CHECKED		Prior R01-R06 review authority read for overlap and stable-ID preservation.
docs/reviews/BWS117/wave-01/authority-map.md	2468	3d8e1435a9fed40d66d924e5cebb4e25e341bc91117f4e6a8fe18e119f4e06f0	REVIEW_AUTHORITY	INHERITED_AUTHORITY	OVERLAP_CHECKED		Prior R01-R06 review authority read for overlap and stable-ID preservation.
docs/reviews/BWS117/wave-01/baseline-compatibility.json	516	d68ebe41147b4be2304ad133d29a97295db3532a32034b7d8faa7c7e62403c09	REVIEW_AUTHORITY	INHERITED_AUTHORITY	OVERLAP_CHECKED		Prior R01-R06 review authority read for overlap and stable-ID preservation.
docs/reviews/BWS117/wave-01/baseline-compatibility.md	1426	a6505b705360892ab3a9dc09ce95aafe7aa244f4d068cc5fd4f864372072568c	REVIEW_AUTHORITY	INHERITED_AUTHORITY	OVERLAP_CHECKED		Prior R01-R06 review authority read for overlap and stable-ID preservation.
docs/reviews/BWS117/wave-01/baseline-file-manifest.tsv	86867	6ca1857ce0fa5f3acb6a8c3c993f6c78eb635d026eae6dbb707abe0b2d90881d	REVIEW_AUTHORITY	INHERITED_AUTHORITY	OVERLAP_CHECKED		Prior R01-R06 review authority read for overlap and stable-ID preservation.
docs/reviews/BWS117/wave-01/completeness-reconciliation.json	3297	ab4f8bd2875706d3dab9dfe01e462d5542c3b0c348f9251f73e84ad1b94d6b70	REVIEW_AUTHORITY	INHERITED_AUTHORITY	OVERLAP_CHECKED		Prior R01-R06 review authority read for overlap and stable-ID preservation.
docs/reviews/BWS117/wave-01/cumulative-consolidated-ledger.json	197517	c9f0eecbbec3fbe54da8b150eaaeea95c881a150a0e3460fe48168dcff5226bc	REVIEW_AUTHORITY	INHERITED_AUTHORITY	OVERLAP_CHECKED		Prior R01-R06 review authority read for overlap and stable-ID preservation.
docs/reviews/BWS117/wave-01/cumulative-consolidated-ledger.md	151896	ef98192718c328aba2eac91817d81827e9209778b30283d7f6aa64036196283b	REVIEW_AUTHORITY	INHERITED_AUTHORITY	OVERLAP_CHECKED		Prior R01-R06 review authority read for overlap and stable-ID preservation.
docs/reviews/BWS117/wave-01/decisions.json	4978	2e6b17ca1cb7f09eec3310364ebc6cbd5c1e387849a4db25b7839761c17f87e5	REVIEW_AUTHORITY	INHERITED_AUTHORITY	OVERLAP_CHECKED		Prior R01-R06 review authority read for overlap and stable-ID preservation.
docs/reviews/BWS117/wave-01/decisions.md	4367	5fdb8a7a412635d8a123895ed8aaf4203c7bfd2362a92640e6a4b3e8b68242d0	REVIEW_AUTHORITY	INHERITED_AUTHORITY	OVERLAP_CHECKED		Prior R01-R06 review authority read for overlap and stable-ID preservation.
docs/reviews/BWS117/wave-01/dependency-and-tranches.md	11488	c7a28f41ee4970d719fad347ab1e512655900cebd4a2701d2add9e660335e2c2	REVIEW_AUTHORITY	INHERITED_AUTHORITY	OVERLAP_CHECKED		Prior R01-R06 review authority read for overlap and stable-ID preservation.
docs/reviews/BWS117/wave-01/documentation-integration-plan.json	20966	8933e3acd2995a40750c5b5fbb591737195b3a93e9c29cdf2d44f3cdcb28b0fd	REVIEW_AUTHORITY	INHERITED_AUTHORITY	OVERLAP_CHECKED		Prior R01-R06 review authority read for overlap and stable-ID preservation.
docs/reviews/BWS117/wave-01/incremental-consolidation.md	2049	9ec6a0e020d66d2ef84ee1fef0c24e8091c069d87185f347989ce34f7571aeb2	REVIEW_AUTHORITY	INHERITED_AUTHORITY	OVERLAP_CHECKED		Prior R01-R06 review authority read for overlap and stable-ID preservation.
docs/reviews/BWS117/wave-01/input-inventory.json	8629	687e1fdfc4333662063dec633e52eadb76ec8eadf4c5c82cbae9d217eb38f467	REVIEW_AUTHORITY	INHERITED_AUTHORITY	OVERLAP_CHECKED		Prior R01-R06 review authority read for overlap and stable-ID preservation.
docs/reviews/BWS117/wave-01/next-wave-handoff.md	4851	9a896b8e4100582cb2790c3567cd259068c7c296afd911b93b25cda20464b51e	REVIEW_AUTHORITY	INHERITED_AUTHORITY	OVERLAP_CHECKED		Prior R01-R06 review authority read for overlap and stable-ID preservation.
docs/reviews/BWS117/wave-01/non-defect-register.json	78834	5f80f908e7dd4a077e3c48198eb47ae8d345bc551ac48191701fd47bd4a1e7f0	REVIEW_AUTHORITY	INHERITED_AUTHORITY	OVERLAP_CHECKED		Prior R01-R06 review authority read for overlap and stable-ID preservation.
docs/reviews/BWS117/wave-01/original-to-consolidated.json	34015	c3ad1b02325cebe478e35a4b7b8a59a221a97faef8ceb8ee7f9695c38916a913	REVIEW_AUTHORITY	INHERITED_AUTHORITY	OVERLAP_CHECKED		Prior R01-R06 review authority read for overlap and stable-ID preservation.
docs/reviews/BWS117/wave-01/prior-overlay-lineage.json	2473	255a0019d8e913609a383922fe88b337307d6d0705e29bb411e4139a7f49d0ec	REVIEW_AUTHORITY	INHERITED_AUTHORITY	OVERLAP_CHECKED		Prior R01-R06 review authority read for overlap and stable-ID preservation.
docs/reviews/BWS117/wave-01/prior-overlay-lineage.md	2328	4853c05d05a6c0014609b5332621bc4e00650961a45e8148c628a0c6312819eb	REVIEW_AUTHORITY	INHERITED_AUTHORITY	OVERLAP_CHECKED		Prior R01-R06 review authority read for overlap and stable-ID preservation.
docs/reviews/BWS117/wave-01/protected-mutable-documents.json	8320	c98fa3ee5f5bc15fc1a2992a91264df02a156d55f117224d628a1b441cf3c675	REVIEW_AUTHORITY	INHERITED_AUTHORITY	OVERLAP_CHECKED		Prior R01-R06 review authority read for overlap and stable-ID preservation.
docs/reviews/BWS117/wave-01/report-index.json	6613	9ea36b6d9868225d274cbbf0cb7b946cc25ca5d9eb1e7cfac386b1b8ea9c4cea	REVIEW_AUTHORITY	INHERITED_AUTHORITY	OVERLAP_CHECKED		Prior R01-R06 review authority read for overlap and stable-ID preservation.
docs/reviews/BWS117/wave-01/reports/R01/BWS116-R01-coverage.tsv	135083	4b1d1c2c18326496e4ff7fc4d97421d0e77e48b569e581a476c3a729018396d8	REVIEW_AUTHORITY	INHERITED_AUTHORITY	OVERLAP_CHECKED		Prior R01-R06 review authority read for overlap and stable-ID preservation.
docs/reviews/BWS117/wave-01/reports/R01/BWS116-R01-findings.json	55723	4bd18eb0bc50b5467f5eedbe5184468fe986df914329dcb0e1b819e0b4d839b8	REVIEW_AUTHORITY	INHERITED_AUTHORITY	OVERLAP_CHECKED		Prior R01-R06 review authority read for overlap and stable-ID preservation.
docs/reviews/BWS117/wave-01/reports/R01/BWS116-R01-report.md	51223	c915baf086e9d0ba7d22e229eba219f810ff705088b7f91079ca64e8ad0ea7b9	REVIEW_AUTHORITY	INHERITED_AUTHORITY	OVERLAP_CHECKED		Prior R01-R06 review authority read for overlap and stable-ID preservation.
docs/reviews/BWS117/wave-01/reports/R01/BWS116-R01-validation.json	15842	fbcc8e0a27b2318eac3ea7713af7a05c4c2cf49b9be6593774af7e3d45139213	REVIEW_AUTHORITY	INHERITED_AUTHORITY	OVERLAP_CHECKED		Prior R01-R06 review authority read for overlap and stable-ID preservation.
docs/reviews/BWS117/wave-01/reports/R02/BWS116-R02-coverage.tsv	140926	e0340faa06151791835da27af6083970084f46b14e2ec5c1b4c5b041cda5fb4f	REVIEW_AUTHORITY	INHERITED_AUTHORITY	OVERLAP_CHECKED		Prior R01-R06 review authority read for overlap and stable-ID preservation.
docs/reviews/BWS117/wave-01/reports/R02/BWS116-R02-findings.json	75433	6b7c5ed9a323dfc6ecdca4712f6af5ae6c86dd5a717d6da8adcef72a1ace9762	REVIEW_AUTHORITY	INHERITED_AUTHORITY	OVERLAP_CHECKED		Prior R01-R06 review authority read for overlap and stable-ID preservation.
docs/reviews/BWS117/wave-01/reports/R02/BWS116-R02-report.md	65116	1d773442e1d0e1668bb01ce24666810184f1cfd67e65016cfcd7c278cbad52a8	REVIEW_AUTHORITY	INHERITED_AUTHORITY	OVERLAP_CHECKED		Prior R01-R06 review authority read for overlap and stable-ID preservation.
docs/reviews/BWS117/wave-01/reports/R02/BWS116-R02-validation.json	20558	ac69b84873efaf13a62790dec4b990255fee1472dbbafe54dbc7e7bfdcf52026	REVIEW_AUTHORITY	INHERITED_AUTHORITY	OVERLAP_CHECKED		Prior R01-R06 review authority read for overlap and stable-ID preservation.
docs/reviews/BWS117/wave-01/reports/R03/BWS116-R03-coverage.tsv	148939	93b446e8c2be430b1215591674626bd9d0986b01f48ebb8e9eb7be0b10719342	REVIEW_AUTHORITY	INHERITED_AUTHORITY	OVERLAP_CHECKED		Prior R01-R06 review authority read for overlap and stable-ID preservation.
docs/reviews/BWS117/wave-01/reports/R03/BWS116-R03-findings.json	100529	cea3736eb48ed8617aa7f1288be7f668c3367ea6a048f6b72bfea9e33e61d693	REVIEW_AUTHORITY	INHERITED_AUTHORITY	OVERLAP_CHECKED		Prior R01-R06 review authority read for overlap and stable-ID preservation.
docs/reviews/BWS117/wave-01/reports/R03/BWS116-R03-report.md	87428	4e0b0df07b38d024f22b3354e3c0eedb32d0217e393b765cb67d1f3d28531e9b	REVIEW_AUTHORITY	INHERITED_AUTHORITY	OVERLAP_CHECKED		Prior R01-R06 review authority read for overlap and stable-ID preservation.
docs/reviews/BWS117/wave-01/reports/R03/BWS116-R03-validation.json	20100	5d1b65c4e92cebd7db9c9d70398abca7fa6e20e1de595b62e4c873959d788083	REVIEW_AUTHORITY	INHERITED_AUTHORITY	OVERLAP_CHECKED		Prior R01-R06 review authority read for overlap and stable-ID preservation.
docs/reviews/BWS117/wave-01/repository-profile.md	4584	9e4849889797936c18ba422eecb23f7b6074bb83fb5fa7dfa05f3a8709c8992a	REVIEW_AUTHORITY	INHERITED_AUTHORITY	OVERLAP_CHECKED		Prior R01-R06 review authority read for overlap and stable-ID preservation.
docs/reviews/BWS117/wave-01/source-verification.json	17371	90be9fae075684d6c3d97dd3f6d9aa5a04d4b682143cf602d98d6ec2af09b646	REVIEW_AUTHORITY	INHERITED_AUTHORITY	OVERLAP_CHECKED		Prior R01-R06 review authority read for overlap and stable-ID preservation.
docs/reviews/BWS117/wave-01/test-evidence-matrix.json	73370	92f4747ef85710215c39b10996ec5ba6eef2ce9fd85a0699d0d51889058ba25e	REVIEW_AUTHORITY	INHERITED_AUTHORITY	OVERLAP_CHECKED		Prior R01-R06 review authority read for overlap and stable-ID preservation.
docs/reviews/BWS117/wave-01/test-evidence-matrix.md	37044	cde5ca77ed7b3ac8390251ef5d8abeda63c56304e9516cf706a4d09ff8c2bb70	REVIEW_AUTHORITY	INHERITED_AUTHORITY	OVERLAP_CHECKED		Prior R01-R06 review authority read for overlap and stable-ID preservation.
docs/reviews/BWS118/wave-02/README.md	1553	4e8fd0b6073015d2ce588bee8bfc376e24024b8010d486db05d867a54a88a5e3	REVIEW_AUTHORITY	INHERITED_AUTHORITY	OVERLAP_CHECKED		Prior R01-R06 review authority read for overlap and stable-ID preservation.
docs/reviews/BWS118/wave-02/area-coverage.md	1661	f5f01a7d9922c9faa0d0aa0e42f5fb3766a004f8d5a5fe4809ff1957432bc0e1	REVIEW_AUTHORITY	INHERITED_AUTHORITY	OVERLAP_CHECKED		Prior R01-R06 review authority read for overlap and stable-ID preservation.
docs/reviews/BWS118/wave-02/authority-map.md	3195	0f576987d497558a4c182af585e51e582cfd4e214431f362cf2d186c0c5b4883	REVIEW_AUTHORITY	INHERITED_AUTHORITY	OVERLAP_CHECKED		Prior R01-R06 review authority read for overlap and stable-ID preservation.
docs/reviews/BWS118/wave-02/baseline-compatibility.json	3771	c6c40d4cfaf433c1ad9def37d7c1388d48bee27c11bd84393ca30696f4d3da8c	REVIEW_AUTHORITY	INHERITED_AUTHORITY	OVERLAP_CHECKED		Prior R01-R06 review authority read for overlap and stable-ID preservation.
docs/reviews/BWS118/wave-02/baseline-compatibility.md	777	9f0abe3f6e23c9573a6449c2e415fca2e0d65adc69bc79e609b8533d510271d9	REVIEW_AUTHORITY	INHERITED_AUTHORITY	OVERLAP_CHECKED		Prior R01-R06 review authority read for overlap and stable-ID preservation.
docs/reviews/BWS118/wave-02/baseline-file-manifest.tsv	81140	5fc1c02af99c4d8e1b6a611c9ea2c88a7dd693b3703d7134584cd33a3e94eaf0	REVIEW_AUTHORITY	INHERITED_AUTHORITY	OVERLAP_CHECKED		Prior R01-R06 review authority read for overlap and stable-ID preservation.
docs/reviews/BWS118/wave-02/completeness-reconciliation.json	576	51048cd5eceafea110975d494aaa38953a5be0b19b5e965742c32d1672a00fe6	REVIEW_AUTHORITY	INHERITED_AUTHORITY	OVERLAP_CHECKED		Prior R01-R06 review authority read for overlap and stable-ID preservation.
docs/reviews/BWS118/wave-02/cumulative-consolidated-ledger.json	433216	87bcf3cb0204150aae8c73257822ef2666bdbdcbcefe96da2b509d4b2cac718e	REVIEW_AUTHORITY	INHERITED_AUTHORITY	OVERLAP_CHECKED		Prior R01-R06 review authority read for overlap and stable-ID preservation.
docs/reviews/BWS118/wave-02/cumulative-consolidated-ledger.md	324870	c2ee9c0f4f5f1fbbec91b981ad5744d1aa0b68ff66ab01a7bd7ae7ab48511767	REVIEW_AUTHORITY	INHERITED_AUTHORITY	OVERLAP_CHECKED		Prior R01-R06 review authority read for overlap and stable-ID preservation.
docs/reviews/BWS118/wave-02/decisions.json	10601	d3571100feef51675ea9672fb347eb8e70173db705b61968b4055ae1ef029cf0	REVIEW_AUTHORITY	INHERITED_AUTHORITY	OVERLAP_CHECKED		Prior R01-R06 review authority read for overlap and stable-ID preservation.
docs/reviews/BWS118/wave-02/decisions.md	8630	d0efc7aa233857a7e3dd0b3c01b9148f2b482ec6afabcb2ea743896286b024ee	REVIEW_AUTHORITY	INHERITED_AUTHORITY	OVERLAP_CHECKED		Prior R01-R06 review authority read for overlap and stable-ID preservation.
docs/reviews/BWS118/wave-02/dependency-and-tranches.md	11653	abadae065d49bd9fcc24dbd5f2a8cd2a4b710ec698844cf8a65d06feebaf22a5	REVIEW_AUTHORITY	INHERITED_AUTHORITY	OVERLAP_CHECKED		Prior R01-R06 review authority read for overlap and stable-ID preservation.
docs/reviews/BWS118/wave-02/documentation-integration-plan.json	22559	505bde602bee2a427375a9e68da1d64f60aa47f7064065acb77e69dc5f4dc462	REVIEW_AUTHORITY	INHERITED_AUTHORITY	OVERLAP_CHECKED		Prior R01-R06 review authority read for overlap and stable-ID preservation.
docs/reviews/BWS118/wave-02/incremental-consolidation.md	1373	cae6609caf23e2f8c5d34233640fdabb7b782a420ffb94eeec46676caa7e8c9e	REVIEW_AUTHORITY	INHERITED_AUTHORITY	OVERLAP_CHECKED		Prior R01-R06 review authority read for overlap and stable-ID preservation.
docs/reviews/BWS118/wave-02/input-inventory.json	10611	c617dc5a5a515225e4cd2aef0fb0a4bbc47c9ddb7801497b69194755be5e6352	REVIEW_AUTHORITY	INHERITED_AUTHORITY	OVERLAP_CHECKED		Prior R01-R06 review authority read for overlap and stable-ID preservation.
docs/reviews/BWS118/wave-02/next-wave-handoff.md	3885	de53490aeba125d467b7e7561de87a3342f3a9ddf197785a0ddfd82b0c485d1c	REVIEW_AUTHORITY	INHERITED_AUTHORITY	OVERLAP_CHECKED		Prior R01-R06 review authority read for overlap and stable-ID preservation.
docs/reviews/BWS118/wave-02/non-defect-register.json	181043	fb4f5aab53a733533779e4242d47c70b64b66a83fbd84e7a3be0fa25e3ea64f4	REVIEW_AUTHORITY	INHERITED_AUTHORITY	OVERLAP_CHECKED		Prior R01-R06 review authority read for overlap and stable-ID preservation.
docs/reviews/BWS118/wave-02/original-to-consolidated.json	82777	45892f6ec1e367f10c5b103349284e1b6f23cfdf295c9d598a08551f90d6520c	REVIEW_AUTHORITY	INHERITED_AUTHORITY	OVERLAP_CHECKED		Prior R01-R06 review authority read for overlap and stable-ID preservation.
docs/reviews/BWS118/wave-02/prior-overlay-lineage.json	3829	891ed0290bbd7bf3ad8320c904b8cbbcf32d695d23432b91408a346711a1473a	REVIEW_AUTHORITY	INHERITED_AUTHORITY	OVERLAP_CHECKED		Prior R01-R06 review authority read for overlap and stable-ID preservation.
docs/reviews/BWS118/wave-02/prior-overlay-lineage.md	3194	a0ca5b2f4f7b5d2f209827377c1d51ebb75b107a7fe421d33f383d2b3258627c	REVIEW_AUTHORITY	INHERITED_AUTHORITY	OVERLAP_CHECKED		Prior R01-R06 review authority read for overlap and stable-ID preservation.
docs/reviews/BWS118/wave-02/protected-mutable-documents.json	6068	85183962b656f4a8723b0eb988e185dfd52af0b4c0ea3ab430413c9a283c241e	REVIEW_AUTHORITY	INHERITED_AUTHORITY	OVERLAP_CHECKED		Prior R01-R06 review authority read for overlap and stable-ID preservation.
docs/reviews/BWS118/wave-02/report-index.json	12843	dc6004bd93a0afaff424c7b3fd9cb8f77b09019d600a012856b69bf6b4a1abca	REVIEW_AUTHORITY	INHERITED_AUTHORITY	OVERLAP_CHECKED		Prior R01-R06 review authority read for overlap and stable-ID preservation.
docs/reviews/BWS118/wave-02/reports/R04/BWS118-R04-coverage.tsv	165591	95405dc41ca715df39778634677f168a5e93d1640c59ba7c89140eaaa4745dfe	REVIEW_AUTHORITY	INHERITED_AUTHORITY	OVERLAP_CHECKED		Prior R01-R06 review authority read for overlap and stable-ID preservation.
docs/reviews/BWS118/wave-02/reports/R04/BWS118-R04-findings.json	82109	640e569dacffa17bf46e5417bb95ecc9449a6c2923a63b4c9c92b4b3f22ef0b0	REVIEW_AUTHORITY	INHERITED_AUTHORITY	OVERLAP_CHECKED		Prior R01-R06 review authority read for overlap and stable-ID preservation.
docs/reviews/BWS118/wave-02/reports/R04/BWS118-R04-report.md	73642	8b45839108123457e9aa4b9689ae6f892f3578be6b62b33bb87430505bd0fb0b	REVIEW_AUTHORITY	INHERITED_AUTHORITY	OVERLAP_CHECKED		Prior R01-R06 review authority read for overlap and stable-ID preservation.
docs/reviews/BWS118/wave-02/reports/R04/BWS118-R04-validation.json	15118	4318d562dce35f559e7573dfc333ce44651c24c7daaf0a049b862904534c18ef	REVIEW_AUTHORITY	INHERITED_AUTHORITY	OVERLAP_CHECKED		Prior R01-R06 review authority read for overlap and stable-ID preservation.
docs/reviews/BWS118/wave-02/reports/R05/BWS118-R05-coverage.tsv	177970	777d5a09500a6097e1c80501eb3dd0d73e3c33d1a412e3c4f826f9c918dc3f70	REVIEW_AUTHORITY	INHERITED_AUTHORITY	OVERLAP_CHECKED		Prior R01-R06 review authority read for overlap and stable-ID preservation.
docs/reviews/BWS118/wave-02/reports/R05/BWS118-R05-findings.json	87336	a028eb13e1786b76e942df3fd09b69d6aabe2cd6a83f9941cc694cfcc6b75ef9	REVIEW_AUTHORITY	INHERITED_AUTHORITY	OVERLAP_CHECKED		Prior R01-R06 review authority read for overlap and stable-ID preservation.
docs/reviews/BWS118/wave-02/reports/R05/BWS118-R05-report.md	61736	a8fe24e6be41e64abb157be6c33b15a864da429cb6ab12e0b333a1e915cdfb4c	REVIEW_AUTHORITY	INHERITED_AUTHORITY	OVERLAP_CHECKED		Prior R01-R06 review authority read for overlap and stable-ID preservation.
docs/reviews/BWS118/wave-02/reports/R05/BWS118-R05-validation.json	13259	6fb8e3f8abf3cc092fefb19f1b0975e1f2bb500b64341e90652e7cdf897e1cd1	REVIEW_AUTHORITY	INHERITED_AUTHORITY	OVERLAP_CHECKED		Prior R01-R06 review authority read for overlap and stable-ID preservation.
docs/reviews/BWS118/wave-02/reports/R06/BWS118-R06-coverage.tsv	155323	727e821c56ca598fac52cb30df6fc5cff348e5c5521fb5780a9006e60ef78d57	REVIEW_AUTHORITY	INHERITED_AUTHORITY	OVERLAP_CHECKED		Prior R01-R06 review authority read for overlap and stable-ID preservation.
docs/reviews/BWS118/wave-02/reports/R06/BWS118-R06-findings.json	100497	bbaadabb6fceccc7c977c57a924d206f4ce2cbde43cc60d2d4ab24d9b6377ee1	REVIEW_AUTHORITY	INHERITED_AUTHORITY	OVERLAP_CHECKED		Prior R01-R06 review authority read for overlap and stable-ID preservation.
docs/reviews/BWS118/wave-02/reports/R06/BWS118-R06-report.md	94076	b3cd68c0d0fc96ce84febc405bc1c1e67715856f1723adfe739d21165f84fe32	REVIEW_AUTHORITY	INHERITED_AUTHORITY	OVERLAP_CHECKED		Prior R01-R06 review authority read for overlap and stable-ID preservation.
docs/reviews/BWS118/wave-02/reports/R06/BWS118-R06-validation.json	11728	d4b77ee70c47d96eff4ccd1dc3f44b04175b674f14899ecab67d3696058602b4	REVIEW_AUTHORITY	INHERITED_AUTHORITY	OVERLAP_CHECKED		Prior R01-R06 review authority read for overlap and stable-ID preservation.
docs/reviews/BWS118/wave-02/repository-profile.md	3387	2a61b172913460328df71dd76fd577aadb3032315a90dc8d69f36ac0e6efabfc	REVIEW_AUTHORITY	INHERITED_AUTHORITY	OVERLAP_CHECKED		Prior R01-R06 review authority read for overlap and stable-ID preservation.
docs/reviews/BWS118/wave-02/source-verification.json	97832	5b2b677daef45cfa441ceb50eff8cab8323d1328d594001c577597e6bde915c9	REVIEW_AUTHORITY	INHERITED_AUTHORITY	OVERLAP_CHECKED		Prior R01-R06 review authority read for overlap and stable-ID preservation.
docs/reviews/BWS118/wave-02/test-evidence-matrix.json	174370	5c39f0780a0a8fb4c8c4ffbc9da2eb226b0a5d1e0316802e5064fc338246b5c2	REVIEW_AUTHORITY	INHERITED_AUTHORITY	OVERLAP_CHECKED		Prior R01-R06 review authority read for overlap and stable-ID preservation.
docs/reviews/BWS118/wave-02/test-evidence-matrix.md	1335	07201eae4cb0be11d97b7624d844585f3249fd40e9fee359b3c5e777d02f4511	REVIEW_AUTHORITY	INHERITED_AUTHORITY	OVERLAP_CHECKED		Prior R01-R06 review authority read for overlap and stable-ID preservation.
docs/reviews/README.md	606	4a19ea4f94498e7343a6bffdc31fd6aa50368736b9c68f8a1b28bc1713f62098	REVIEW_AUTHORITY	CROSS_AREA_REFERENCE	INVENTORIED_AND_SCOPED		Classified and conservatively scoped; no new R07 root assigned.
graphify_repo_install.sh	37741	fbc15189b39bbe214476123a4b7964ddca49622d6de8f3c522acca7ac6fd1a3a	SHELL_SCRIPT	INVENTORIED_NOT_OWNED	INVENTORIED_ONLY		Archive member hashed and accounted for; outside R07 substantive ownership.
graphify_repo_refresh.sh	9412	927360cf926d14f8fdba81ed939f591240e8bef1128bde918e11188368f8da97	SHELL_SCRIPT	INVENTORIED_NOT_OWNED	INVENTORIED_ONLY		Archive member hashed and accounted for; outside R07 substantive ownership.
open_log.sh	5285	3a9886b0439c468483142d77e22bcab874c14fb2dd50c5293d014727f0c7a7b1	SHELL_SCRIPT	R07_PRIMARY	DEEP_TRACED	BWS120-R07-019	Owned production/test/authority path traced to symbols and consumers.
package-lock.json	34655	a184bd12b31fe127067b63a3171e545e469c2f86268477565fc14aeca102365c	JSON_DATA_OR_CONFIG	INVENTORIED_NOT_OWNED	INVENTORIED_ONLY		Archive member hashed and accounted for; outside R07 substantive ownership.
package.json	9098	b1b69ffa6d0b974c3b3ba55f3ec1acffb21e512c3a862e2a7b2d6b5139e5eac0	JSON_DATA_OR_CONFIG	R07_MATERIAL_CALLER	TRACED_FOR_HANDOFF		Material caller or shared contract traced to establish R07 behavior or handoff.
packages/bootstrap/package.json	154	a173eafc8e33b5438f9ba7fcbe26e29c471dd2cfb53c8115ef420e7d274b82ac	JSON_DATA_OR_CONFIG	CROSS_AREA_REFERENCE	INVENTORIED_AND_SCOPED		Classified and conservatively scoped; no new R07 root assigned.
packages/bootstrap/src/adapters/betting-win-export-reader.ts	3949	6d8ce48edf68d17ef244e3637f800f64d89f1f5fb94d2a4c9bf97ea2e227231b	SOURCE_TYPESCRIPT	CROSS_AREA_REFERENCE	INVENTORIED_AND_SCOPED		Classified and conservatively scoped; no new R07 root assigned.
packages/bootstrap/src/adapters/betting-win-local-bundle-reader.ts	4212	835fbdd26a71658f53298759ed2c5fb4a31bcdc722012ec76b916d4cd4b812e4	SOURCE_TYPESCRIPT	CROSS_AREA_REFERENCE	INVENTORIED_AND_SCOPED		Classified and conservatively scoped; no new R07 root assigned.
packages/bootstrap/src/adapters/betting-win-pinned-bundle-intake.ts	3828	d22fc6007f4d2980bab9419126ec00652dc5b27114e4347871bc66ff3abc5026	SOURCE_TYPESCRIPT	CROSS_AREA_REFERENCE	INVENTORIED_AND_SCOPED		Classified and conservatively scoped; no new R07 root assigned.
packages/bootstrap/src/adapters/betting-win-query-client.ts	40988	7b50ba9a6c6e0dd5486bdca723a6f6c605bd7609151e062fe72ee36100d307ae	SOURCE_TYPESCRIPT	CROSS_AREA_REFERENCE	INVENTORIED_AND_SCOPED		Classified and conservatively scoped; no new R07 root assigned.
packages/bootstrap/src/adapters/betting-win-strategy-export-intake.ts	41799	ef02f5b1e8d47db7c1d367d628fb2683a2bf5f3f9d30da8b09941a0b1e9fc523	SOURCE_TYPESCRIPT	CROSS_AREA_REFERENCE	INVENTORIED_AND_SCOPED		Classified and conservatively scoped; no new R07 root assigned.
packages/bootstrap/src/api/bws-read-only-query-http.ts	15039	fc644a168e07d1afa63d84fa85582cda9c37994b2b4d66ea7366c1f442c7ac17	SOURCE_TYPESCRIPT	CROSS_AREA_REFERENCE	INVENTORIED_AND_SCOPED		Classified and conservatively scoped; no new R07 root assigned.
packages/bootstrap/src/api/bws-read-only-query-service.ts	78813	896bb5ff7db46af530b8e80f93b01b293295f98aa983c948eb57ee3f2a13c424	SOURCE_TYPESCRIPT	CROSS_AREA_REFERENCE	INVENTORIED_AND_SCOPED		Classified and conservatively scoped; no new R07 root assigned.
packages/bootstrap/src/backtest/b1-cross-venue-backtest.ts	19493	b367b8880c8461a50912e13b3cb1489a1f5c8e2c235dfd556d2ef615b6a575d4	SOURCE_TYPESCRIPT	CROSS_AREA_REFERENCE	INVENTORIED_AND_SCOPED		Classified and conservatively scoped; no new R07 root assigned.
packages/bootstrap/src/backtest/standard-binary-backtest.ts	34707	b89833bedd366b9d4b714cb0eddd6610e5eabd7217477063d7a1a2006b60e438	SOURCE_TYPESCRIPT	CROSS_AREA_REFERENCE	INVENTORIED_AND_SCOPED		Classified and conservatively scoped; no new R07 root assigned.
packages/bootstrap/src/cli/api-only-upstream.ts	607	9bd88e91ef0e5035086cc5ede4ddd696884e1afe6bd976f7b32fde27d1f1be1a	SOURCE_TYPESCRIPT	CROSS_AREA_REFERENCE	INVENTORIED_AND_SCOPED		Classified and conservatively scoped; no new R07 root assigned.
packages/bootstrap/src/cli/bws-database-lifecycle.ts	5511	4e6da6bfca8e7c622ccd04e66d3789b4f4eaf490f93fd8265bfa458d3c22b06a	SOURCE_TYPESCRIPT	CROSS_AREA_REFERENCE	INVENTORIED_AND_SCOPED		Classified and conservatively scoped; no new R07 root assigned.
packages/bootstrap/src/cli/bws-external-runtime-preflight.ts	7584	b02200f62578bd2b273c0e9df020132b8dd49e613fc5a788555efda2dc0d8c5f	SOURCE_TYPESCRIPT	R07_PRIMARY	DEEP_TRACED		Owned production/test/authority path traced to symbols and consumers.
packages/bootstrap/src/cli/bws-final-local-acceptance.ts	10355	218d99afdbef03328786d155dd23766bf87e19a75eb03c5ba1e835922c251d43	SOURCE_TYPESCRIPT	R07_PRIMARY	DEEP_TRACED		Owned production/test/authority path traced to symbols and consumers.
packages/bootstrap/src/cli/bws-observability.ts	2117	0f52747def0faf2b8593c4edc98a646d9baf7d13b9b89f7144fb053bf413c0cc	SOURCE_TYPESCRIPT	R07_PRIMARY	DEEP_TRACED		Owned production/test/authority path traced to symbols and consumers.
packages/bootstrap/src/cli/bws-operator-lifecycle.ts	2980	b17dff2d4e4012091b01943761efa1fe593c3de159e318b7fece264e751bedb5	SOURCE_TYPESCRIPT	CROSS_AREA_REFERENCE	INVENTORIED_AND_SCOPED		Classified and conservatively scoped; no new R07 root assigned.
packages/bootstrap/src/cli/bws-paper-runtime-evidence.ts	3567	cd8b60ede9c77dc08a7f575115cd8dac3bad1fdbeac595d4046b2100d4d11de1	SOURCE_TYPESCRIPT	R07_PRIMARY	DEEP_TRACED		Owned production/test/authority path traced to symbols and consumers.
packages/bootstrap/src/cli/bws-paper-runtime-handoff.ts	1816	bf3ec6992bf083c749460f8d967d3b4e8bc018f66b15811840c6b166230a2d36	SOURCE_TYPESCRIPT	R07_PRIMARY	DEEP_TRACED		Owned production/test/authority path traced to symbols and consumers.
packages/bootstrap/src/cli/bws-private-paper-scheduler-service.ts	2813	a27fbc4a8ef4044dcc9cf9919eb7bcd44903e57ba9f53a63d1d619249138c1ad	SOURCE_TYPESCRIPT	CROSS_AREA_REFERENCE	INVENTORIED_AND_SCOPED		Classified and conservatively scoped; no new R07 root assigned.
packages/bootstrap/src/cli/bws-private-paper-scheduler.ts	2319	488211d784d1bc88ceb520f9030700a8ce623eb90bf996a7cfd771155df1e4dc	SOURCE_TYPESCRIPT	CROSS_AREA_REFERENCE	INVENTORIED_AND_SCOPED		Classified and conservatively scoped; no new R07 root assigned.
packages/bootstrap/src/cli/bws-private-paper-worker-service.ts	2496	29093b7ae96e534202ada195d193d7be1339c0a452b8c192318c635de2c502f8	SOURCE_TYPESCRIPT	CROSS_AREA_REFERENCE	INVENTORIED_AND_SCOPED		Classified and conservatively scoped; no new R07 root assigned.
packages/bootstrap/src/cli/bws-private-paper-worker.ts	1728	99c54079e8d355bbe1585ac6e86fba87d588637ee7560646496cf27baac1e939	SOURCE_TYPESCRIPT	CROSS_AREA_REFERENCE	INVENTORIED_AND_SCOPED		Classified and conservatively scoped; no new R07 root assigned.
packages/bootstrap/src/cli/bws-read-only-api.ts	2512	5e08f4cc0b5f76a7c5c04e735c791281607fa007031c55b2dc0bf38c9d4cf811	SOURCE_TYPESCRIPT	CROSS_AREA_REFERENCE	INVENTORIED_AND_SCOPED		Classified and conservatively scoped; no new R07 root assigned.
packages/bootstrap/src/cli/bws-release-packaging.ts	4810	a3f0d96bd9d3e3c45df37538dd99f4c07eb27934fd77eb4d80cc3143edef4ec7	SOURCE_TYPESCRIPT	CROSS_AREA_REFERENCE	INVENTORIED_AND_SCOPED		Classified and conservatively scoped; no new R07 root assigned.
packages/bootstrap/src/cli/bws-release-upgrade.ts	5422	362783fada2194c4c62c5bd1b545270c4f94ea358a816f45051c0b95a870daa7	SOURCE_TYPESCRIPT	CROSS_AREA_REFERENCE	INVENTORIED_AND_SCOPED		Classified and conservatively scoped; no new R07 root assigned.
packages/bootstrap/src/cli/bws-soak-campaign.ts	11853	55a3b486f879b367fb30e3d67b465e457f1f258c209d131603ce3916e51e534a	SOURCE_TYPESCRIPT	CROSS_AREA_REFERENCE	INVENTORIED_AND_SCOPED		Classified and conservatively scoped; no new R07 root assigned.
packages/bootstrap/src/cli/bws-upstream-api-convergence.ts	2197	271a0e0fbf3c733fc502f8accd0a2a2067c70ce6086147994bb993bba83f8f7f	SOURCE_TYPESCRIPT	CROSS_AREA_REFERENCE	INVENTORIED_AND_SCOPED		Classified and conservatively scoped; no new R07 root assigned.
packages/bootstrap/src/cli/bws-upstream-convergence-service.ts	2705	d87e03ef955c11c33ea1bcb6c2aedbd6234ca54c552d0a25b888401518c15b2d	SOURCE_TYPESCRIPT	CROSS_AREA_REFERENCE	INVENTORIED_AND_SCOPED		Classified and conservatively scoped; no new R07 root assigned.
packages/bootstrap/src/cli/bws-upstream-export-convergence.ts	957	e234ac3d5c739763ad041c084bfe6573d709e9c3acd85aa08a8af728bb783479	SOURCE_TYPESCRIPT	CROSS_AREA_REFERENCE	INVENTORIED_AND_SCOPED		Classified and conservatively scoped; no new R07 root assigned.
packages/bootstrap/src/cli/local-paper-batch-report.ts	39493	4c577cf7bdfef21c627c59dcd46f62375988e3a66e630e94474ea83f850c9f17	SOURCE_TYPESCRIPT	CROSS_AREA_REFERENCE	INVENTORIED_AND_SCOPED		Classified and conservatively scoped; no new R07 root assigned.
packages/bootstrap/src/cli/local-paper-report.ts	19739	83820a8fd970b76a6592e4bcb1af7e4fb60adc36d0136a99d5966bcb6e1e40e6	SOURCE_TYPESCRIPT	CROSS_AREA_REFERENCE	INVENTORIED_AND_SCOPED		Classified and conservatively scoped; no new R07 root assigned.
packages/bootstrap/src/contracts/b1-local-types.ts	3335	22a43ced9a713e4144e343529a8940edfa00676659aa01f48f739e3f28ca03e1	SOURCE_TYPESCRIPT	CROSS_AREA_REFERENCE	INVENTORIED_AND_SCOPED		Classified and conservatively scoped; no new R07 root assigned.
packages/bootstrap/src/contracts/betting-win-b1-resource-records.ts	27266	2068f5dea3a115cbbc4e7b7fde16774b9a0fc9c964be1550215cc2c7508604e8	SOURCE_TYPESCRIPT	CROSS_AREA_REFERENCE	INVENTORIED_AND_SCOPED		Classified and conservatively scoped; no new R07 root assigned.
packages/bootstrap/src/contracts/betting-win-contract-imports.ts	2703	4c10018198cb06d6d3eabba90a9b27209ccf7ec11a3420ea8faad9775f6b2c3a	SOURCE_TYPESCRIPT	CROSS_AREA_REFERENCE	INVENTORIED_AND_SCOPED		Classified and conservatively scoped; no new R07 root assigned.
packages/bootstrap/src/contracts/betting-win-resource-records.ts	16194	8ca3a040b691242eb1025ab74f545157c1072b85332fdc1313924e57396c6903	SOURCE_TYPESCRIPT	CROSS_AREA_REFERENCE	INVENTORIED_AND_SCOPED		Classified and conservatively scoped; no new R07 root assigned.
packages/bootstrap/src/contracts/local-types.ts	2762	b1c307fcd025e9b92d53a8e83b208b63b38b1a07ca7f8590594945c2e428f81b	SOURCE_TYPESCRIPT	CROSS_AREA_REFERENCE	INVENTORIED_AND_SCOPED		Classified and conservatively scoped; no new R07 root assigned.
packages/bootstrap/src/economics/b1-capital-lock.ts	3929	5f74dcde80a30a7243ce56965b23361c6d7c4b0977eab144fb1980486bcfa5a3	SOURCE_TYPESCRIPT	CROSS_AREA_REFERENCE	INVENTORIED_AND_SCOPED		Classified and conservatively scoped; no new R07 root assigned.
packages/bootstrap/src/economics/b1-fee-matrix.ts	5470	081e148be8c1e3ffce089cca44c14cb16fa94ee25ae06a320d422b23e9e37175	SOURCE_TYPESCRIPT	CROSS_AREA_REFERENCE	INVENTORIED_AND_SCOPED		Classified and conservatively scoped; no new R07 root assigned.
packages/bootstrap/src/economics/b1-lateness-penalty.ts	3770	5ebdeb74a8e21d37c102c7925cf377ba2dd06a35a46976756fa6e68bb9fa2d91	SOURCE_TYPESCRIPT	CROSS_AREA_REFERENCE	INVENTORIED_AND_SCOPED		Classified and conservatively scoped; no new R07 root assigned.
packages/bootstrap/src/economics/b1-net-spread.ts	13275	0f4bbd52d105d75aef34baa43bea49b09b5c6fde8e3afc8ef7f51383cda0947b	SOURCE_TYPESCRIPT	CROSS_AREA_REFERENCE	INVENTORIED_AND_SCOPED		Classified and conservatively scoped; no new R07 root assigned.
packages/bootstrap/src/identity/b1-market-equivalence.ts	11736	b7bd85ede3224740021fdc676db69c690820e2634c13c32a6719190feedb6f75	SOURCE_TYPESCRIPT	CROSS_AREA_REFERENCE	INVENTORIED_AND_SCOPED		Classified and conservatively scoped; no new R07 root assigned.
packages/bootstrap/src/identity/b1-selection-equivalence.ts	1775	ac7dcc2ddf2d9bf660931b639e10b6659ffe90ec8115ab80b765884784bc0ae2	SOURCE_TYPESCRIPT	CROSS_AREA_REFERENCE	INVENTORIED_AND_SCOPED		Classified and conservatively scoped; no new R07 root assigned.
packages/bootstrap/src/identity/b1-venue-pair-key.ts	1775	3c1f4864a055c479d758ec070804a285aa1441ad7b14418061039d45d44517fa	SOURCE_TYPESCRIPT	CROSS_AREA_REFERENCE	INVENTORIED_AND_SCOPED		Classified and conservatively scoped; no new R07 root assigned.
packages/bootstrap/src/identity/equivalence-precheck.ts	6086	2b1671eb9da1f5a5dfc01b3120bac1c48197f6a6cf07b347f399cc83cf127045	SOURCE_TYPESCRIPT	CROSS_AREA_REFERENCE	INVENTORIED_AND_SCOPED		Classified and conservatively scoped; no new R07 root assigned.
packages/bootstrap/src/identity/market-group-key.ts	515	dfde3f32800875939831e70dfe3f4834f7f3659059c65188d7ba1ce5483a501c	SOURCE_TYPESCRIPT	CROSS_AREA_REFERENCE	INVENTORIED_AND_SCOPED		Classified and conservatively scoped; no new R07 root assigned.
packages/bootstrap/src/index.ts	6918	c40f2c3f09347ad58d97e7e1ee4dac1affdf15aadd3b616c1c01733740a4ae21	SOURCE_TYPESCRIPT	R07_MATERIAL_CALLER	TRACED_FOR_HANDOFF		Material caller or shared contract traced to establish R07 behavior or handoff.
packages/bootstrap/src/operations/b1-runtime-evidence.ts	20155	80ea2ca2a8b071dc1fdafc614594fac3d642b0416bcf6beec4c515cd707adbe8	SOURCE_TYPESCRIPT	R07_PRIMARY	DEEP_TRACED	BWS120-R07-018	Owned production/test/authority path traced to symbols and consumers.
packages/bootstrap/src/operations/bws-soak-runtime-integration.ts	11525	3426f30a61e5e1300b640ca7b242949e7b2627274a399db815ddc40de79976a9	SOURCE_TYPESCRIPT	R07_MATERIAL_CALLER	TRACED_FOR_HANDOFF		Material caller or shared contract traced to establish R07 behavior or handoff.
packages/bootstrap/src/operations/database-lifecycle.ts	51632	b3e4657765a6152f8ee96e0bf688d4df116412ee08db877dab02abb17f68f377	SOURCE_TYPESCRIPT	R07_MATERIAL_CALLER	TRACED_FOR_HANDOFF		Material caller or shared contract traced to establish R07 behavior or handoff.
packages/bootstrap/src/operations/external-runtime-preflight.ts	46078	724a419567dc2c6f737166660092d5c0d8e09be24a4b22bc9377c324949ec427	SOURCE_TYPESCRIPT	R07_PRIMARY	DEEP_TRACED	BWS120-R07-012,BWS120-R07-015	Owned production/test/authority path traced to symbols and consumers.
packages/bootstrap/src/operations/final-local-acceptance.ts	44266	1f7b5675b2d307cf8ecc7ab791eba825036ba850fe28ccacae1f8a78deb6a3c5	SOURCE_TYPESCRIPT	R07_PRIMARY	DEEP_TRACED	BWS120-R07-017	Owned production/test/authority path traced to symbols and consumers.
packages/bootstrap/src/operations/observability.ts	42388	ab2024a942781e074e1d719a7d368814cf1173fb524c567d2d894ab2ef8c3923	SOURCE_TYPESCRIPT	R07_PRIMARY	DEEP_TRACED	BWS120-R07-001,BWS120-R07-002,BWS120-R07-003,BWS120-R07-004,BWS120-R07-005,BWS120-R07-006,BWS120-R07-007,BWS120-R07-008,BWS120-R07-012	Owned production/test/authority path traced to symbols and consumers.
packages/bootstrap/src/operations/operator-lifecycle.ts	47227	704457608967fcb4bd736d372f1e65d252bc1d762f5efd63e52de5c9348e0f31	SOURCE_TYPESCRIPT	R07_MATERIAL_CALLER	TRACED_FOR_HANDOFF		Material caller or shared contract traced to establish R07 behavior or handoff.
packages/bootstrap/src/operations/paper-runtime-evidence.ts	42869	d5ece548916a8de8d594fc1121468db2cf8a38d652ac813b458729df48047b7d	SOURCE_TYPESCRIPT	R07_PRIMARY	DEEP_TRACED	BWS120-R07-009,BWS120-R07-010,BWS120-R07-011,BWS120-R07-012	Owned production/test/authority path traced to symbols and consumers.
packages/bootstrap/src/operations/paper-runtime-handoff.ts	15164	6152e779214713ae2faa4ad1d447bc43e4d47c2c1a47d33c83fe303787d9a76f	SOURCE_TYPESCRIPT	R07_PRIMARY	DEEP_TRACED	BWS120-R07-012,BWS120-R07-013,BWS120-R07-014	Owned production/test/authority path traced to symbols and consumers.
packages/bootstrap/src/operations/private-paper-runtime-scheduler.ts	34317	46311916b8d4df07c09183f7e8563bd69fae1d5330927e325a45e21e5f48be58	SOURCE_TYPESCRIPT	CROSS_AREA_REFERENCE	INVENTORIED_AND_SCOPED		Classified and conservatively scoped; no new R07 root assigned.
packages/bootstrap/src/operations/private-paper-scheduler-service.ts	45023	876cd3d1b142d369b999f10a49e7a01e9b8469af14d84bbef64efdc6ae3bc967	SOURCE_TYPESCRIPT	R07_MATERIAL_CALLER	TRACED_FOR_HANDOFF		Material caller or shared contract traced to establish R07 behavior or handoff.
packages/bootstrap/src/operations/private-paper-worker-service.ts	45691	1527b3a36e20f2221793a612011b65edf34d0d190534b95f43136ab9ebe58d36	SOURCE_TYPESCRIPT	R07_MATERIAL_CALLER	TRACED_FOR_HANDOFF		Material caller or shared contract traced to establish R07 behavior or handoff.
packages/bootstrap/src/operations/release-packaging.ts	78152	d3b51b0cf2dcd00cb70f2ebc383ed34669484cd39a4c3baeee804d5f845bcdce	SOURCE_TYPESCRIPT	CROSS_AREA_REFERENCE	INVENTORIED_AND_SCOPED		Classified and conservatively scoped; no new R07 root assigned.
packages/bootstrap/src/operations/release-upgrade.ts	66120	5c5aadcab32d9a937ea6100434f7b3644df5c31954e096af19a80c1958bfeef7	SOURCE_TYPESCRIPT	CROSS_AREA_REFERENCE	INVENTORIED_AND_SCOPED		Classified and conservatively scoped; no new R07 root assigned.
packages/bootstrap/src/operations/repository-paths.ts	4565	c1c9f29f472abc2b5f6a571973ca3974fcc3c7206737b29465276aad189f7e57	SOURCE_TYPESCRIPT	CROSS_AREA_REFERENCE	INVENTORIED_AND_SCOPED		Classified and conservatively scoped; no new R07 root assigned.
packages/bootstrap/src/operations/runtime-applications.ts	31550	216b980403a59909b07a27fb475d22cf6ee35b41364fd0bb46c510d17d9e0322	SOURCE_TYPESCRIPT	R07_MATERIAL_CALLER	TRACED_FOR_HANDOFF		Material caller or shared contract traced to establish R07 behavior or handoff.
packages/bootstrap/src/operations/service-runtime.ts	25468	5ef569931413868cf0b2e69a653ee65cdcace9bb561f52eea1d9fb82e3ce93f3	SOURCE_TYPESCRIPT	R07_MATERIAL_CALLER	TRACED_FOR_HANDOFF		Material caller or shared contract traced to establish R07 behavior or handoff.
packages/bootstrap/src/operations/soak-campaign.ts	91365	779c0901b003ad6510608e54136fcb3e5c7dd38f64f07bd5916d49fcafd950a1	SOURCE_TYPESCRIPT	R07_MATERIAL_CALLER	TRACED_FOR_HANDOFF		Material caller or shared contract traced to establish R07 behavior or handoff.
packages/bootstrap/src/operations/upstream-api-convergence.ts	42937	4f066cc40d08e6ad4748866073c0a14683bd8b7066cb9f41c87f239e28ae5a63	SOURCE_TYPESCRIPT	CROSS_AREA_REFERENCE	INVENTORIED_AND_SCOPED		Classified and conservatively scoped; no new R07 root assigned.
packages/bootstrap/src/operations/upstream-convergence-service.ts	42799	937ad8b789002504b674351c04e2179ba2800e17deea1d5e17aa0dd31786d5a8	SOURCE_TYPESCRIPT	R07_MATERIAL_CALLER	TRACED_FOR_HANDOFF		Material caller or shared contract traced to establish R07 behavior or handoff.
packages/bootstrap/src/operations/upstream-export-convergence.ts	34212	62f3683da2e85d1113588ff363574dfae9f2da02534dacc3139000eb389bf673	SOURCE_TYPESCRIPT	CROSS_AREA_REFERENCE	INVENTORIED_AND_SCOPED		Classified and conservatively scoped; no new R07 root assigned.
packages/bootstrap/src/operations/upstream-transport-constants.ts	302	dd5591b1c0fd7d57aeeacba4c49d25d8bca77f6acfee324cc6441c87f0175c15	SOURCE_TYPESCRIPT	CROSS_AREA_REFERENCE	INVENTORIED_AND_SCOPED		Classified and conservatively scoped; no new R07 root assigned.
packages/bootstrap/src/opportunity/b1-cross-venue-derivation.ts	16559	29866c6839497502a2f9371166dd3865026bc8bca7a8cc57dad12c5717ba2543	SOURCE_TYPESCRIPT	CROSS_AREA_REFERENCE	INVENTORIED_AND_SCOPED		Classified and conservatively scoped; no new R07 root assigned.
packages/bootstrap/src/opportunity/b1-gross-spread.ts	6822	48ecd0e6402a23610f9582222e86e31c943948f31b6edf0896a66751edfddafb	SOURCE_TYPESCRIPT	CROSS_AREA_REFERENCE	INVENTORIED_AND_SCOPED		Classified and conservatively scoped; no new R07 root assigned.
packages/bootstrap/src/opportunity/standard-binary-derivation.ts	2563	04059b7cd11e946fd8f997d215732e514b5d03cf9faaf9ba86bb42910f25d653	SOURCE_TYPESCRIPT	CROSS_AREA_REFERENCE	INVENTORIED_AND_SCOPED		Classified and conservatively scoped; no new R07 root assigned.
packages/bootstrap/src/opportunity/standard-binary-stake-solver.ts	7922	a68d4ea89b2ec4a7d83d8e2ced929732522e0e4af5a36efaac4712e88255dc92	SOURCE_TYPESCRIPT	CROSS_AREA_REFERENCE	INVENTORIED_AND_SCOPED		Classified and conservatively scoped; no new R07 root assigned.
packages/bootstrap/src/quotes/b1-capacity-model.ts	8148	6a98bd374fff19cd414d04fc3410ad944b234043733d8f258a383537e0a28617	SOURCE_TYPESCRIPT	CROSS_AREA_REFERENCE	INVENTORIED_AND_SCOPED		Classified and conservatively scoped; no new R07 root assigned.
packages/bootstrap/src/quotes/b1-quote-age-penalty.ts	53	6b5100f98a7f3500ce5b30e508f333106a7410da87480f873d2612405dedb9e6	SOURCE_TYPESCRIPT	CROSS_AREA_REFERENCE	INVENTORIED_AND_SCOPED		Classified and conservatively scoped; no new R07 root assigned.
packages/bootstrap/src/quotes/b1-quote-synchronization.ts	8339	4746d1bd364a7389a95b4aa912e66f66041c44fc51083dcd02a12e9ad1fa9bde	SOURCE_TYPESCRIPT	CROSS_AREA_REFERENCE	INVENTORIED_AND_SCOPED		Classified and conservatively scoped; no new R07 root assigned.
packages/bootstrap/src/quotes/b1-venue-limit-model.ts	2796	2709fb059a2b0fa24558d564f94394c939ff9f252920edcca65d3c94f53a0b9c	SOURCE_TYPESCRIPT	CROSS_AREA_REFERENCE	INVENTORIED_AND_SCOPED		Classified and conservatively scoped; no new R07 root assigned.
packages/bootstrap/src/quotes/fee-cost-model.ts	1066	72549760951cc57f1b2321160f8a9e9a6c222cb7c5e848e41f99a1b244d00c5d	SOURCE_TYPESCRIPT	CROSS_AREA_REFERENCE	INVENTORIED_AND_SCOPED		Classified and conservatively scoped; no new R07 root assigned.
packages/bootstrap/src/quotes/quote-capacity.ts	2200	9b53f44d2427b0953424a09eda33fe0e165db2ff0239b5c8acb7b81f957d84c8	SOURCE_TYPESCRIPT	CROSS_AREA_REFERENCE	INVENTORIED_AND_SCOPED		Classified and conservatively scoped; no new R07 root assigned.
packages/bootstrap/src/quotes/quote-freshness.ts	2155	38a0042d488084145e2438fe30d9e5b0ed665733af97b561587ca78d5bb9718f	SOURCE_TYPESCRIPT	CROSS_AREA_REFERENCE	INVENTORIED_AND_SCOPED		Classified and conservatively scoped; no new R07 root assigned.
packages/bootstrap/src/reporting/b1-backtest-report.ts	18911	8c8cbc440a521c4ee32de8bde89c547fe3c97c36d43935008c3f0b39a2657272	SOURCE_TYPESCRIPT	CROSS_AREA_REFERENCE	INVENTORIED_AND_SCOPED		Classified and conservatively scoped; no new R07 root assigned.
packages/bootstrap/src/reporting/b1-false-positive-report.ts	6429	55d3a251830501a284214bac6e94a16eb3f194fcce33195df5e3ee37cb985f95	SOURCE_TYPESCRIPT	CROSS_AREA_REFERENCE	INVENTORIED_AND_SCOPED		Classified and conservatively scoped; no new R07 root assigned.
packages/bootstrap/src/reporting/blocker-report.ts	1245	0fc5e9eb9ee2f5c044a03bb0373f97b29336a27cf7e1eaecc63cc819dafa5f80	SOURCE_TYPESCRIPT	CROSS_AREA_REFERENCE	INVENTORIED_AND_SCOPED		Classified and conservatively scoped; no new R07 root assigned.
packages/bootstrap/src/reporting/opportunity-report.ts	3009	0441883ab6aa2b257d538fa29ffc1737d2783d92fe7569fd839acd72fe6c2a84	SOURCE_TYPESCRIPT	CROSS_AREA_REFERENCE	INVENTORIED_AND_SCOPED		Classified and conservatively scoped; no new R07 root assigned.
packages/bootstrap/src/reporting/private-run-report.ts	28729	cb6471c28814b75007afb35a992fed23aae06e9a53eb92f555ec8f47c66db022	SOURCE_TYPESCRIPT	CROSS_AREA_REFERENCE	INVENTORIED_AND_SCOPED		Classified and conservatively scoped; no new R07 root assigned.
packages/bootstrap/src/runtime/private-paper-runtime.ts	50613	252e38a52693f3fa598c9ea92a83b184de0c4b29c4ab0bd5c952b750d009c6f5	SOURCE_TYPESCRIPT	CROSS_AREA_REFERENCE	INVENTORIED_AND_SCOPED		Classified and conservatively scoped; no new R07 root assigned.
packages/bootstrap/src/scenarios/b1-scenario-cashflow.ts	16082	f48a4d0f697fcc2d9d48328ef665689807f3f97d6c74fbcba67b01520293a580	SOURCE_TYPESCRIPT	CROSS_AREA_REFERENCE	INVENTORIED_AND_SCOPED		Classified and conservatively scoped; no new R07 root assigned.
packages/bootstrap/src/scenarios/b1-terminal-scenario.ts	2291	4f3ee12a400f4a034a177043213f785df2c6a60f33f8cdd85a84be652401b47c	SOURCE_TYPESCRIPT	CROSS_AREA_REFERENCE	INVENTORIED_AND_SCOPED		Classified and conservatively scoped; no new R07 root assigned.
packages/bootstrap/src/scenarios/complete-set.ts	9072	bdea2ee4db048e553d69f379ab4599c28bae68e372b2821bacb2a64611c98bac	SOURCE_TYPESCRIPT	CROSS_AREA_REFERENCE	INVENTORIED_AND_SCOPED		Classified and conservatively scoped; no new R07 root assigned.
packages/bootstrap/src/scenarios/scenario-cashflow.ts	9359	11c1608a8d1cb5341f6125b9a30af4afd7c22aac64e228545636446b38476228	SOURCE_TYPESCRIPT	CROSS_AREA_REFERENCE	INVENTORIED_AND_SCOPED		Classified and conservatively scoped; no new R07 root assigned.
packages/bootstrap/src/scenarios/terminal-scenario.ts	427	c535c3ae751f23c497a38e93a12ef6d007d3d6f32cbaa6d974e57166c0745daf	SOURCE_TYPESCRIPT	CROSS_AREA_REFERENCE	INVENTORIED_AND_SCOPED		Classified and conservatively scoped; no new R07 root assigned.
packages/bootstrap/src/simulation/b1-leg-completion.ts	18757	108996f173a566dfb8b72de38c364d3f1d7b3610bcceadbe6c415d94a5fc5b3b	SOURCE_TYPESCRIPT	CROSS_AREA_REFERENCE	INVENTORIED_AND_SCOPED		Classified and conservatively scoped; no new R07 root assigned.
packages/bootstrap/src/simulation/b1-residual-exposure.ts	10683	95752368da2da1bae3778ca9eae94892cb06db0876a8655beba9c6127c26a516	SOURCE_TYPESCRIPT	CROSS_AREA_REFERENCE	INVENTORIED_AND_SCOPED		Classified and conservatively scoped; no new R07 root assigned.
packages/bootstrap/src/simulation/b1-settlement-replay.ts	38387	d81e781e3499dfd1ed7a6135daa40e56b3e189124bf6df5cb74974d24df6d09d	SOURCE_TYPESCRIPT	CROSS_AREA_REFERENCE	INVENTORIED_AND_SCOPED		Classified and conservatively scoped; no new R07 root assigned.
packages/bootstrap/src/simulation/b1-void-rule-replay.ts	5450	107607954dc2d9cf911e51e8e68d39592d4b5d8f06cddfcdb018ed92212ad2fb	SOURCE_TYPESCRIPT	CROSS_AREA_REFERENCE	INVENTORIED_AND_SCOPED		Classified and conservatively scoped; no new R07 root assigned.
packages/bootstrap/src/simulation/leg-completion.ts	7756	934fb7e5b36545bbc393d0c4909cd4fbc5ddaaf2d540819acc222577ba672aa7	SOURCE_TYPESCRIPT	CROSS_AREA_REFERENCE	INVENTORIED_AND_SCOPED		Classified and conservatively scoped; no new R07 root assigned.
packages/bootstrap/src/simulation/non-atomic-completion.ts	29546	3b9944da581cc8fafeb99037e714e4b99a9c1765a512616a7a4bde65d47611df	SOURCE_TYPESCRIPT	CROSS_AREA_REFERENCE	INVENTORIED_AND_SCOPED		Classified and conservatively scoped; no new R07 root assigned.
packages/bootstrap/src/simulation/partial-fill.ts	826	84ea147e7d449e3ffdfcfcd662f29803dc5905f4d207b556ed04ab6b39071a93	SOURCE_TYPESCRIPT	CROSS_AREA_REFERENCE	INVENTORIED_AND_SCOPED		Classified and conservatively scoped; no new R07 root assigned.
packages/bootstrap/src/simulation/residual-exposure.ts	11930	b79022cc35f342f5002932b083259326c773a12919541af18976684a455d16d4	SOURCE_TYPESCRIPT	CROSS_AREA_REFERENCE	INVENTORIED_AND_SCOPED		Classified and conservatively scoped; no new R07 root assigned.
packages/bootstrap/src/simulation/settlement-replay.ts	46691	7967faca4d58a884c8c6762aaccac6fd1f04c630a3d5632f54c273202c89e8d2	SOURCE_TYPESCRIPT	CROSS_AREA_REFERENCE	INVENTORIED_AND_SCOPED		Classified and conservatively scoped; no new R07 root assigned.
packages/bootstrap/src/solver/b1-generalized-stake-vector.ts	20893	822a6ca6802ffb6fbfd52145679b2575536701d4c936a16ab06ab7d70123d1a0	SOURCE_TYPESCRIPT	CROSS_AREA_REFERENCE	INVENTORIED_AND_SCOPED		Classified and conservatively scoped; no new R07 root assigned.
packages/bootstrap/src/solver/b1-rounding.ts	1466	32275d20e5de782278e33df95e94e207bee5b662a3fd23fb695ab98bed0ac281	SOURCE_TYPESCRIPT	CROSS_AREA_REFERENCE	INVENTORIED_AND_SCOPED		Classified and conservatively scoped; no new R07 root assigned.
packages/bootstrap/src/solver/constraints.ts	1198	8493c4d6055f3ef8377c921cc154d532284ef5ab2d63f3451deaf105ddfff2b2	SOURCE_TYPESCRIPT	CROSS_AREA_REFERENCE	INVENTORIED_AND_SCOPED		Classified and conservatively scoped; no new R07 root assigned.
packages/bootstrap/src/solver/rounding.ts	921	c01bfcf66916c6a235aca4aa174959b2ab3624ae0ebf77c9ead2fe2dc4367ed1	SOURCE_TYPESCRIPT	CROSS_AREA_REFERENCE	INVENTORIED_AND_SCOPED		Classified and conservatively scoped; no new R07 root assigned.
packages/bootstrap/src/solver/stake-vector.ts	18757	d5022b515bbac8672ed337933887276d590424c89b75c3e5acd290f3a5561029	SOURCE_TYPESCRIPT	CROSS_AREA_REFERENCE	INVENTORIED_AND_SCOPED		Classified and conservatively scoped; no new R07 root assigned.
packages/bootstrap/src/strategy/strategy-ledger.ts	37932	d05e339a5692a9218f2146c153570ee7d9c8d79ae88282e162b7ece0c0cb5dbc	SOURCE_TYPESCRIPT	CROSS_AREA_REFERENCE	INVENTORIED_AND_SCOPED		Classified and conservatively scoped; no new R07 root assigned.
packages/bootstrap/src/workers/b1-private-observation-jobs.ts	9857	ee293ef0e7a3edeef6ef6729c987f477f049523ccd3d0b150b874796e032a5cc	SOURCE_TYPESCRIPT	CROSS_AREA_REFERENCE	INVENTORIED_AND_SCOPED		Classified and conservatively scoped; no new R07 root assigned.
packages/bootstrap/src/workers/bounded-job-worker.ts	12986	3f319fc5ad09636121698b36817f1762c4431dffb775535a2d62e3289b111dd7	SOURCE_TYPESCRIPT	CROSS_AREA_REFERENCE	INVENTORIED_AND_SCOPED		Classified and conservatively scoped; no new R07 root assigned.
packages/bootstrap/src/workers/private-paper-runtime-jobs.ts	30543	cbf9794410c3c374c7cd22844c5fd1c5fc4e51c7322856b921753479f4b0ca5c	SOURCE_TYPESCRIPT	CROSS_AREA_REFERENCE	INVENTORIED_AND_SCOPED		Classified and conservatively scoped; no new R07 root assigned.
packages/persistence/package.json	156	10977f54df272da68a1748f428943b04ec932f8b7c416d9073485a0909658c4f	JSON_DATA_OR_CONFIG	CROSS_AREA_REFERENCE	INVENTORIED_AND_SCOPED		Classified and conservatively scoped; no new R07 root assigned.
packages/persistence/src/config.ts	3484	03cc5a97ec98091f4a47b9f2ac65682ad298b03617185884e75fea0999ecd4cb	SOURCE_TYPESCRIPT	CROSS_AREA_REFERENCE	INVENTORIED_AND_SCOPED		Classified and conservatively scoped; no new R07 root assigned.
packages/persistence/src/errors.ts	174	b27a45ca0fe4410b63cd67f283a14a19b9e0c43cc96b846776529ce84e60d2cc	SOURCE_TYPESCRIPT	CROSS_AREA_REFERENCE	INVENTORIED_AND_SCOPED		Classified and conservatively scoped; no new R07 root assigned.
packages/persistence/src/index.ts	886	d68727b6651118d7d5db705ee9f24311257ed8530e927744cd4882ea96d0589d	SOURCE_TYPESCRIPT	CROSS_AREA_REFERENCE	INVENTORIED_AND_SCOPED		Classified and conservatively scoped; no new R07 root assigned.
packages/persistence/src/migrations.ts	3902	2ae8d8e9d9cdb6c08003371083c2065dd803ad5d82258f5be3166a17da01f57b	SOURCE_TYPESCRIPT	CROSS_AREA_REFERENCE	INVENTORIED_AND_SCOPED		Classified and conservatively scoped; no new R07 root assigned.
packages/persistence/src/psql.ts	9068	86053cd5690b15a2ba6ea210e3073c3324017d12fb36ec1fe815c84edab50343	SOURCE_TYPESCRIPT	CROSS_AREA_REFERENCE	INVENTORIED_AND_SCOPED		Classified and conservatively scoped; no new R07 root assigned.
packages/persistence/src/repositories/b1-backtest-run-repository.ts	26071	fca39b72d06d2685cf82445e95d033830af1eea4b60d9896b8bce69d1d53ec04	SOURCE_TYPESCRIPT	CROSS_AREA_REFERENCE	INVENTORIED_AND_SCOPED		Classified and conservatively scoped; no new R07 root assigned.
packages/persistence/src/repositories/b1-private-observation-repository.ts	11362	a057be720b8d7794b5d3a29cac35879ea555a65f2238e085b98fb7ea730f9941	SOURCE_TYPESCRIPT	CROSS_AREA_REFERENCE	INVENTORIED_AND_SCOPED		Classified and conservatively scoped; no new R07 root assigned.
packages/persistence/src/repositories/b1-upstream-convergence-repository.ts	10456	468cde29f264349925fe65e33d5b7e05fb34390877bb0f2503345154160d6884	SOURCE_TYPESCRIPT	CROSS_AREA_REFERENCE	INVENTORIED_AND_SCOPED		Classified and conservatively scoped; no new R07 root assigned.
packages/persistence/src/repositories/import-run-repository.ts	11152	9bb1a79b2b27ea6cd3eaaf38cb22bb20148615a2400ff929b834ad2dbd08e00b	SOURCE_TYPESCRIPT	CROSS_AREA_REFERENCE	INVENTORIED_AND_SCOPED		Classified and conservatively scoped; no new R07 root assigned.
packages/persistence/src/repositories/pinned-strategy-export-repository.ts	20481	0d8924d7d3f23a1689dc351b7be468ce4c2e3473121b2376bfba868fca4ea547	SOURCE_TYPESCRIPT	CROSS_AREA_REFERENCE	INVENTORIED_AND_SCOPED		Classified and conservatively scoped; no new R07 root assigned.
packages/persistence/src/repositories/private-paper-runtime-scheduler-checkpoint-repository.ts	16979	fd997e6c563e93a0055066ae7ffc64173402495429983e0574b6e929aa743489	SOURCE_TYPESCRIPT	CROSS_AREA_REFERENCE	INVENTORIED_AND_SCOPED		Classified and conservatively scoped; no new R07 root assigned.
packages/persistence/src/repositories/strategy-ledger-repository.ts	16625	a3874447d9cf6334eafd4eaf1e7a45c3cd95b48fe865fcc68ba1f5583ca32528	SOURCE_TYPESCRIPT	CROSS_AREA_REFERENCE	INVENTORIED_AND_SCOPED		Classified and conservatively scoped; no new R07 root assigned.
packages/persistence/src/repositories/upstream-api-convergence-repository.ts	19832	298c9e2b2d874f5e11e7278893f00acaaaf16b48a47fde0cab41c33e59017ba0	SOURCE_TYPESCRIPT	CROSS_AREA_REFERENCE	INVENTORIED_AND_SCOPED		Classified and conservatively scoped; no new R07 root assigned.
packages/persistence/src/repositories/upstream-export-convergence-repository.ts	16314	dbfac37a5aac9e6139532312a0635f25f655c8739782e186f72bc6717bd79600	SOURCE_TYPESCRIPT	CROSS_AREA_REFERENCE	INVENTORIED_AND_SCOPED		Classified and conservatively scoped; no new R07 root assigned.
packages/persistence/src/repositories/upstream-lock-repository.ts	4935	c77663c55b41255a4c1f455012d5427b55f8a5cf1c733e7b800cc334f407a8bc	SOURCE_TYPESCRIPT	CROSS_AREA_REFERENCE	INVENTORIED_AND_SCOPED		Classified and conservatively scoped; no new R07 root assigned.
packages/persistence/src/repositories/worker-job-repository.ts	47066	263481bca4ae76ceda0e134e7b1d707f17b9de89679c5e0a51f0f5e10431b57e	SOURCE_TYPESCRIPT	CROSS_AREA_REFERENCE	INVENTORIED_AND_SCOPED		Classified and conservatively scoped; no new R07 root assigned.
packages/persistence/src/types.ts	686	af8821a29f8d6022e53fbf5d7d86943f412557fbdbb8ab2fc5ad32dfe1b371fa	SOURCE_TYPESCRIPT	CROSS_AREA_REFERENCE	INVENTORIED_AND_SCOPED		Classified and conservatively scoped; no new R07 root assigned.
packages/upstream/package.json	153	5cb51a5e70fb9b62c903dd53f6eea2866ffd4c36384b990c4bfbc912161df025	JSON_DATA_OR_CONFIG	CROSS_AREA_REFERENCE	INVENTORIED_AND_SCOPED		Classified and conservatively scoped; no new R07 root assigned.
packages/upstream/src/index.ts	57	239d1c6aae4b06e01b8d19f085b141673d9e4431adf67157b87e48e8aadd1298	SOURCE_TYPESCRIPT	CROSS_AREA_REFERENCE	INVENTORIED_AND_SCOPED		Classified and conservatively scoped; no new R07 root assigned.
packages/upstream/src/upstream/betting-win-upstream-lock.ts	27559	8c0badbfc3dc776eb71e01e1a76280debab30c64739274b06d1ce7343382a6c2	SOURCE_TYPESCRIPT	CROSS_AREA_REFERENCE	INVENTORIED_AND_SCOPED		Classified and conservatively scoped; no new R07 root assigned.
pull_artifacts_and_zip_codebase.sh	10568	9e7199e2e7efa85963f26374510e7cde6a74eb4cd3f00aca7893de2efe0f6cc7	SHELL_SCRIPT	INVENTORIED_NOT_OWNED	INVENTORIED_ONLY		Archive member hashed and accounted for; outside R07 substantive ownership.
research/imported-from-betting-win/legacy/surebet/README.md	888	99ca64d7c46d52b45475870af04d488f6c5336e93583b38f35b30313d537fda9	DOCUMENTATION	INVENTORIED_NOT_OWNED	INVENTORIED_ONLY		Archive member hashed and accounted for; outside R07 substantive ownership.
research/imported-from-betting-win/legacy/surebet/RESEARCH_IMPORT_MANIFEST.json	9931	da5b40903d904bc5d77684a5de2fca3f6c03d0ea6eb2c8c945e1f8c9fc7f6f5d	JSON_DATA_OR_CONFIG	INVENTORIED_NOT_OWNED	INVENTORIED_ONLY		Archive member hashed and accounted for; outside R07 substantive ownership.
research/imported-from-betting-win/legacy/surebet/academic/openalex/surebet/2026-06-18_prompt_26_openalex_raw.json	644654	755dceb37478c8bc8aef31ac3007efd8fc6dfbb1b2154e629f55de97b80e165f	JSON_DATA_OR_CONFIG	INVENTORIED_NOT_OWNED	INVENTORIED_ONLY		Archive member hashed and accounted for; outside R07 substantive ownership.
research/imported-from-betting-win/legacy/surebet/academic/openalex/surebet/2026-06-18_prompt_26_result_surebet_academic_review.md	89893	90ef94d824b95d05b9f326fde5978c4d799c44007810260b4ab6616d4c7e12c9	DOCUMENTATION	INVENTORIED_NOT_OWNED	INVENTORIED_ONLY		Archive member hashed and accounted for; outside R07 substantive ownership.
research/imported-from-betting-win/legacy/surebet/academic/openalex/surebet/2026-06-18_stage25_prompt26_reviewed_assessment.md	4340	630f0ed33dbee5a24d461fbeaa6cc67a54741f0935cac3d51cebe6eafe12a351	DOCUMENTATION	INVENTORIED_NOT_OWNED	INVENTORIED_ONLY		Archive member hashed and accounted for; outside R07 substantive ownership.
research/imported-from-betting-win/legacy/surebet/academic/openalex/surebet/README.md	961	28a21b5fabca62fd6abbe73e479a2e7375c496cb2b073026c9df565b5872f6d7	DOCUMENTATION	INVENTORIED_NOT_OWNED	INVENTORIED_ONLY		Archive member hashed and accounted for; outside R07 substantive ownership.
research/imported-from-betting-win/legacy/surebet/academic/openalex/surebet/surebet_prompt26_core_claim_audit.csv	3624	9f8d6fb4c0a151ae0b3cc07fe9fcd0b0a47b305790f524081b3d681957fcb5c8	TABULAR_AUTHORITY	INVENTORIED_NOT_OWNED	INVENTORIED_ONLY		Archive member hashed and accounted for; outside R07 substantive ownership.
research/imported-from-betting-win/legacy/surebet/academic/openalex/surebet/surebet_prompt26_duplicate_groups.csv	3519	f942b9664c5de47b7d5d34a404b44da372777412612e6d91569dbcef4ea2435d	TABULAR_AUTHORITY	INVENTORIED_NOT_OWNED	INVENTORIED_ONLY		Archive member hashed and accounted for; outside R07 substantive ownership.
research/imported-from-betting-win/legacy/surebet/academic/openalex/surebet/surebet_prompt26_evidence_gaps_review.csv	1282	7a9b9cd8ca70929cf50368724d8572ac79716846fb7c294fe82a2dfbb16eba16	TABULAR_AUTHORITY	INVENTORIED_NOT_OWNED	INVENTORIED_ONLY		Archive member hashed and accounted for; outside R07 substantive ownership.
research/imported-from-betting-win/legacy/surebet/academic/openalex/surebet/surebet_prompt26_execution_risk_priorities.csv	1293	06f4407dadf2d43ac050c4a8fd9ca6d9edc376c94bd01fc87eb76b42f1235995	TABULAR_AUTHORITY	INVENTORIED_NOT_OWNED	INVENTORIED_ONLY		Archive member hashed and accounted for; outside R07 substantive ownership.
research/imported-from-betting-win/legacy/surebet/academic/openalex/surebet/surebet_prompt26_market_type_review.csv	776	86c3f7b08b351771addafb8d9dd3a1c582218e70effd29c3a9479c530a21787b	TABULAR_AUTHORITY	INVENTORIED_NOT_OWNED	INVENTORIED_ONLY		Archive member hashed and accounted for; outside R07 substantive ownership.
research/imported-from-betting-win/legacy/surebet/academic/openalex/surebet/surebet_prompt26_math_corrections.csv	1629	1078017a675529324f60b7dab7d7f3d2746e8daa613258a2769dd1453cb4c945	TABULAR_AUTHORITY	INVENTORIED_NOT_OWNED	INVENTORIED_ONLY		Archive member hashed and accounted for; outside R07 substantive ownership.
research/imported-from-betting-win/legacy/surebet/academic/openalex/surebet/surebet_prompt26_methodology_flags.csv	1558	2658f0f96747d2ac1a48cacbf6ac5122f6446957f58937c14bf8882bb600afa9	TABULAR_AUTHORITY	INVENTORIED_NOT_OWNED	INVENTORIED_ONLY		Archive member hashed and accounted for; outside R07 substantive ownership.
research/imported-from-betting-win/legacy/surebet/academic/openalex/surebet/surebet_prompt26_next_research_queue.csv	989	ec8150ce4b2b614a218b751a7656d3db7ace98745bfd2b77bc1a744f512daadb	TABULAR_AUTHORITY	INVENTORIED_NOT_OWNED	INVENTORIED_ONLY		Archive member hashed and accounted for; outside R07 substantive ownership.
research/imported-from-betting-win/legacy/surebet/academic/openalex/surebet/surebet_prompt26_paper_catalogue.csv	144980	3b07e9297ccdb5e56b7523316313ff5d0af486cc553affc26eb72c20850bcb42	TABULAR_AUTHORITY	INVENTORIED_NOT_OWNED	INVENTORIED_ONLY		Archive member hashed and accounted for; outside R07 substantive ownership.
research/imported-from-betting-win/legacy/surebet/academic/openalex/surebet/surebet_prompt26_relevance_quality.csv	478	ed4ab2fd91ed92e48ed7e20af83afbc0eb88aa0c75efdbfc4d936078e05f9a2e	TABULAR_AUTHORITY	INVENTORIED_NOT_OWNED	INVENTORIED_ONLY		Archive member hashed and accounted for; outside R07 substantive ownership.
research/imported-from-betting-win/legacy/surebet/academic/openalex/surebet/surebet_prompt26_search_query_audit.csv	5664	8272a4863d22bfc56a7bd24c1ad3612e7d0b8a4ab513a7bab3e13c4d892a7dc8	TABULAR_AUTHORITY	INVENTORIED_NOT_OWNED	INVENTORIED_ONLY		Archive member hashed and accounted for; outside R07 substantive ownership.
research/imported-from-betting-win/legacy/surebet/academic/openalex/surebet/surebet_prompt26_search_summary_audit.csv	861	a3c20bd013c005f99baed9d72993a5e2c7656798a640c5d99097ee840410c939	TABULAR_AUTHORITY	INVENTORIED_NOT_OWNED	INVENTORIED_ONLY		Archive member hashed and accounted for; outside R07 substantive ownership.
research/imported-from-betting-win/legacy/surebet/academic/openalex/surebet/surebet_prompt26_source_artifact_hashes.csv	442	3abd71a1b0b6d1ad614819db086b5aa51ee46bccbd01ae86e8b66a73808ac1f2	TABULAR_AUTHORITY	INVENTORIED_NOT_OWNED	INVENTORIED_ONLY		Archive member hashed and accounted for; outside R07 substantive ownership.
research/imported-from-betting-win/legacy/surebet/academic/openalex/surebet/surebet_prompt26_sport_ranking_review.csv	1103	1472dbf0ff9166ad0aba061b665820a9aafa2452621ba52d34e891e36a7f67c1	TABULAR_AUTHORITY	INVENTORIED_NOT_OWNED	INVENTORIED_ONLY		Archive member hashed and accounted for; outside R07 substantive ownership.
research/imported-from-betting-win/legacy/surebet/academic/openalex/surebet/surebet_prompt26_strategy_decision.csv	1076	907a773a22db7dad317a1fef5f35e3e9e7557a2d3b1993de838429a0ab703c17	TABULAR_AUTHORITY	INVENTORIED_NOT_OWNED	INVENTORIED_ONLY		Archive member hashed and accounted for; outside R07 substantive ownership.
research/imported-from-betting-win/legacy/surebet/bots/2026-06-18_stage27_reference_bot_repository_audit.md	9737	82b70eaf464e2b586ae4e565ad30eb584c3138e9008563f8aec8123da014cb8e	DOCUMENTATION	INVENTORIED_NOT_OWNED	INVENTORIED_ONLY		Archive member hashed and accounted for; outside R07 substantive ownership.
research/imported-from-betting-win/legacy/surebet/bots/README.md	1274	08b9f47b278d44be08cf8831b1d912f429db6ef88be66012529e755e287b6b44	DOCUMENTATION	INVENTORIED_NOT_OWNED	INVENTORIED_ONLY		Archive member hashed and accounted for; outside R07 substantive ownership.
research/imported-from-betting-win/legacy/surebet/bots/stage27_architecture_pattern_matrix.csv	2125	c46f88a28b4d3e15193c65ce74d22d3fd47b4347c5ceebb10cbdb4af435f0ec0	TABULAR_AUTHORITY	INVENTORIED_NOT_OWNED	INVENTORIED_ONLY		Archive member hashed and accounted for; outside R07 substantive ownership.
research/imported-from-betting-win/legacy/surebet/bots/stage27_archive_inventory.csv	5107	74eb9ffbcfd43f1140ee15f830cce4dbd4a2d2beed3f000b48a1b8e71bb186c2	TABULAR_AUTHORITY	INVENTORIED_NOT_OWNED	INVENTORIED_ONLY		Archive member hashed and accounted for; outside R07 substantive ownership.
research/imported-from-betting-win/legacy/surebet/bots/stage27_dependency_currentness.csv	934	cc3dc0e57a810933de443bc561cf6f2292cda94d27633572e63103152c10728d	TABULAR_AUTHORITY	INVENTORIED_NOT_OWNED	INVENTORIED_ONLY		Archive member hashed and accounted for; outside R07 substantive ownership.
research/imported-from-betting-win/legacy/surebet/bots/stage27_execution_atomicity_matrix.csv	1653	14b57fbde153b68a45d3f4c116fe2357355b3b5fa3e4877e38fb11fa58ae6dfc	TABULAR_AUTHORITY	INVENTORIED_NOT_OWNED	INVENTORIED_ONLY		Archive member hashed and accounted for; outside R07 substantive ownership.
research/imported-from-betting-win/legacy/surebet/bots/stage27_market_identity_risk_matrix.csv	1783	e3c29e89d1cb8cce679d19eaf2267d4bc2ceef265d7d5d275fd4e7fdeb232b3b	TABULAR_AUTHORITY	INVENTORIED_NOT_OWNED	INVENTORIED_ONLY		Archive member hashed and accounted for; outside R07 substantive ownership.
research/imported-from-betting-win/legacy/surebet/bots/stage27_next_research_queue.csv	912	be32e11c2e4ae1f3b6803b7592384a241afb6166145ac365bd2bc10411374001	TABULAR_AUTHORITY	INVENTORIED_NOT_OWNED	INVENTORIED_ONLY		Archive member hashed and accounted for; outside R07 substantive ownership.
research/imported-from-betting-win/legacy/surebet/bots/stage27_provider_lessons.csv	938	ba9014a80cc8f6dff147d607884b716d91a6a5a7dd522d37ac947ab8fc7f7a10	TABULAR_AUTHORITY	INVENTORIED_NOT_OWNED	INVENTORIED_ONLY		Archive member hashed and accounted for; outside R07 substantive ownership.
research/imported-from-betting-win/legacy/surebet/bots/stage27_rejected_patterns.csv	1693	6eb974df2275d003e6130eef3556663b07553bce879bb90e81e1601d50a3e897	TABULAR_AUTHORITY	INVENTORIED_NOT_OWNED	INVENTORIED_ONLY		Archive member hashed and accounted for; outside R07 substantive ownership.
research/imported-from-betting-win/legacy/surebet/bots/stage27_repository_classification.csv	1544	93c29c9f1a979ecb1e60b0e293f455400f534eb261964255ca55a5714700e3bf	TABULAR_AUTHORITY	INVENTORIED_NOT_OWNED	INVENTORIED_ONLY		Archive member hashed and accounted for; outside R07 substantive ownership.
research/imported-from-betting-win/legacy/surebet/bots/stage27_reusable_patterns.csv	1210	34afa9a9d227379150cbd018cb268ba788fcfe3ec1961af1333cc05095ee7a5c	TABULAR_AUTHORITY	INVENTORIED_NOT_OWNED	INVENTORIED_ONLY		Archive member hashed and accounted for; outside R07 substantive ownership.
research/imported-from-betting-win/legacy/surebet/bots/stage27_security_findings.csv	1824	3d9c5bc65eea06a986d5d927cbc93d31872f54d66afdcb4e3799bbc486caa371	TABULAR_AUTHORITY	INVENTORIED_NOT_OWNED	INVENTORIED_ONLY		Archive member hashed and accounted for; outside R07 substantive ownership.
research/imported-from-betting-win/legacy/surebet/bots/stage27_source_file_hashes.csv	7690	f62364120ee66ff9c3443680b794083e7f11448dafb016c70281f5577514796f	TABULAR_AUTHORITY	INVENTORIED_NOT_OWNED	INVENTORIED_ONLY		Archive member hashed and accounted for; outside R07 substantive ownership.
research/imported-from-betting-win/legacy/surebet/bots/stage27_surebet_pattern_audit.csv	2122	80c0843ea2e1f4baf540a828b1e7375676caacd55b099e87685d0af02a062882	TABULAR_AUTHORITY	INVENTORIED_NOT_OWNED	INVENTORIED_ONLY		Archive member hashed and accounted for; outside R07 substantive ownership.
research/imported-from-betting-win/legacy/surebet/bots/stage27_verification_results.csv	1349	73cec7b3851f70c131f51608fc3d0e11d692c52865b2d68fce30b4d8c519391b	TABULAR_AUTHORITY	INVENTORIED_NOT_OWNED	INVENTORIED_ONLY		Archive member hashed and accounted for; outside R07 substantive ownership.
research/imported-from-betting-win/legacy/surebet/synthesis/2026-06-18_prompt_28_result_academic_strategy_provider_reference_bot_synthesis.md	38835	d92fecf96c97b81c891fbf4e13b0e0637ed8d611e46e70e6a2638a3a2c8575d1	DOCUMENTATION	INVENTORIED_NOT_OWNED	INVENTORIED_ONLY		Archive member hashed and accounted for; outside R07 substantive ownership.
research/imported-from-betting-win/legacy/surebet/synthesis/2026-06-18_stage28_reviewed_assessment.md	1204	33c1dc24a8d87d6f47c6c7cb8a436482b35b0e1b11424704501918018a7df2ae	DOCUMENTATION	INVENTORIED_NOT_OWNED	INVENTORIED_ONLY		Archive member hashed and accounted for; outside R07 substantive ownership.
research/imported-from-betting-win/legacy/surebet/synthesis/cross_sport_prompt27_surebet_bridge_decision.csv	509	659519feb3db2a3aa5389567c10ef1cf529a96032ec8ffa68546ef3cb352fa49	TABULAR_AUTHORITY	INVENTORIED_NOT_OWNED	INVENTORIED_ONLY		Archive member hashed and accounted for; outside R07 substantive ownership.
research/imported-from-betting-win/legacy/surebet/synthesis/stage28_surebet_decision.csv	817	1142bc9ff76af1c31a51a1e1cae742987e09f18d6bf1596b8928a28ef1c084d7	TABULAR_AUTHORITY	INVENTORIED_NOT_OWNED	INVENTORIED_ONLY		Archive member hashed and accounted for; outside R07 substantive ownership.
research/imported-from-betting-win/legacy/surebet/synthesis/stage34_surebet_family_comparison.csv	968	dd67acfde462fa8513caa9125084e5256babfdb39ca7c01e0f1a3531850a27e8	TABULAR_AUTHORITY	INVENTORIED_NOT_OWNED	INVENTORIED_ONLY		Archive member hashed and accounted for; outside R07 substantive ownership.
run-autonomous-bugfix.sh	47163	fd3f9dcc110763c5ed88c1eba6bcb1ed1a94d4034b7757051b2fb6d1ab385a1b	SHELL_SCRIPT	CROSS_AREA_REFERENCE	INVENTORIED_AND_SCOPED		Classified and conservatively scoped; no new R07 root assigned.
run-autonomous-implementation.sh	66416	cf373b5b75fdeeb4b7e83c9bdf2ce984e92a4ffecd85da6207481b479861d14a	SHELL_SCRIPT	CROSS_AREA_REFERENCE	INVENTORIED_AND_SCOPED		Classified and conservatively scoped; no new R07 root assigned.
run-bugfix-autopilot.sh	63186	e96b91399d507f223d4e8ce7c1d74a19597ef15fa21eb1bbf52a4b81408d97f8	SHELL_SCRIPT	CROSS_AREA_REFERENCE	INVENTORIED_AND_SCOPED		Classified and conservatively scoped; no new R07 root assigned.
run-paper-autopilot.sh	71257	fa9afc727218b6e533c6f3ef1c2bbb3af9e2c5182538276f509f1986bdfac661	SHELL_SCRIPT	R07_PRIMARY	DEEP_TRACED	BWS120-R07-009,BWS120-R07-015,BWS120-R07-016	Owned production/test/authority path traced to symbols and consumers.
run-paper-evaluation.sh	50433	d7d821119d51c3dd5bbcf7a80f0e98488ebd38f7d771310265939a918505e667	SHELL_SCRIPT	R07_PRIMARY	DEEP_TRACED	BWS120-R07-009,BWS120-R07-015,BWS120-R07-016	Owned production/test/authority path traced to symbols and consumers.
schemas/betting-win-upstream-lock.v1.schema.json	2001	0af6057a273134ca2bd0a4246be109271fd25cc5c6b32464b5be64b37b61ceee	SCHEMA_JSON	CROSS_AREA_REFERENCE	INVENTORIED_AND_SCOPED		Classified and conservatively scoped; no new R07 root assigned.
schemas/bws-external-runtime-campaign.v1.schema.json	9241	28bb35bd98c7e99a4ee474a1cde594578a1751c76f776d5021e5cbe2fcdb6868	SCHEMA_JSON	R07_PRIMARY	DEEP_TRACED		Owned production/test/authority path traced to symbols and consumers.
schemas/bws-release-manifest.v1.schema.json	8267	52b22842dbdedb04c4ff5766fc3e8c07fceda866472cbb76a0e6369684c517cb	SCHEMA_JSON	CROSS_AREA_REFERENCE	INVENTORIED_AND_SCOPED		Classified and conservatively scoped; no new R07 root assigned.
schemas/bws-soak-campaign-checkpoint.v1.schema.json	1355	16bd4f159db9b962900b6159ddb0eda69d7e7daee5b6811ef61541cf42a772e0	SCHEMA_JSON	CROSS_AREA_REFERENCE	INVENTORIED_AND_SCOPED		Classified and conservatively scoped; no new R07 root assigned.
schemas/bws-soak-campaign-result.v1.schema.json	5296	278f7a3040ee3ec311021cc31b0af51c0e236b87efcb89d5b25e5463f1f7e87b	SCHEMA_JSON	CROSS_AREA_REFERENCE	INVENTORIED_AND_SCOPED		Classified and conservatively scoped; no new R07 root assigned.
schemas/bws-soak-campaign-state.v1.schema.json	2005	a41270072e7d7cfad68117508d247a8140f89e900c2c4dd3c038ee7b421ed6a8	SCHEMA_JSON	CROSS_AREA_REFERENCE	INVENTORIED_AND_SCOPED		Classified and conservatively scoped; no new R07 root assigned.
schemas/bws-soak-campaign-validation.v1.schema.json	936	91e3224bb34ca77a05c5dbf9e593d5707b244cbc784b18a89fd4b581c51ba155	SCHEMA_JSON	CROSS_AREA_REFERENCE	INVENTORIED_AND_SCOPED		Classified and conservatively scoped; no new R07 root assigned.
schemas/bws-soak-campaign.v1.schema.json	8109	d0464c985c5ca1e15306c336327054630d9b8e322a6feaa7dae7cb71096c8dd9	SCHEMA_JSON	CROSS_AREA_REFERENCE	INVENTORIED_AND_SCOPED		Classified and conservatively scoped; no new R07 root assigned.
schemas/imported-from-betting-win/legacy/surebet/README.md	572	9f4c9d08e2a97a4292bded8bd0d24dfd1b2d84a8bbeb94e38b50f7f3c8567183	DOCUMENTATION	CROSS_AREA_REFERENCE	INVENTORIED_AND_SCOPED		Classified and conservatively scoped; no new R07 root assigned.
schemas/imported-from-betting-win/legacy/surebet/surebet_academic_evidence_and_paper_arbitrage_v0.sql	2928	d1683dcd7c33d5cb23dfc91e27dafaa93e9a2fa2a8813559c22a5aa3f4b60605	OTHER	CROSS_AREA_REFERENCE	INVENTORIED_AND_SCOPED		Classified and conservatively scoped; no new R07 root assigned.
schemas/imported-from-betting-win/legacy/surebet/surebet_market_identity_cashflow_and_completion_v0.sql	7559	b87a47db381d8780a3848d88f58304d2a290996165e0127d6a287f9c5e89ba32	OTHER	CROSS_AREA_REFERENCE	INVENTORIED_AND_SCOPED		Classified and conservatively scoped; no new R07 root assigned.
scripts/build_bws_operator_cockpit.mjs	2616	3da7027ad98c9c610de436d7ab8fcca1c38eccf4da35a8f5bbc586450183f2fb	OTHER	CROSS_AREA_REFERENCE	INVENTORIED_AND_SCOPED		Classified and conservatively scoped; no new R07 root assigned.
scripts/bws-root-wrapper-runtime.mjs	28135	1d1d5fe74a399da77aeaffecf784c6d7f47176c5101e85ae9987cac87cc2bcb8	OTHER	R07_PRIMARY	DEEP_TRACED		Owned production/test/authority path traced to symbols and consumers.
scripts/create-source-handoff-archive.sh	4069	3636462392c76a66fae28b84eafd04a7a7db689e63d815bc82855b58f86e2f49	SHELL_SCRIPT	CROSS_AREA_REFERENCE	INVENTORIED_AND_SCOPED		Classified and conservatively scoped; no new R07 root assigned.
scripts/load-node-runtime.sh	4349	ea4bb9bef2995130f632d069dc3c3cbb5c6774047f420ab1a58f6335b3f87abe	SHELL_SCRIPT	CROSS_AREA_REFERENCE	INVENTORIED_AND_SCOPED		Classified and conservatively scoped; no new R07 root assigned.
scripts/prepare_bws_test_environment.mjs	1584	3fa00e995688e0dba40147640bfb70f93a73d69570ee887991e22d17b87bb589	OTHER	CROSS_AREA_REFERENCE	INVENTORIED_AND_SCOPED		Classified and conservatively scoped; no new R07 root assigned.
scripts/regenerate_source_manifest.py	1562	a8bddfe398f3be7f764f2efa0a844f32389967edb99b9c6b6ef0bdf105d7fc15	STATIC_VALIDATOR_OR_TOOL	CROSS_AREA_REFERENCE	INVENTORIED_AND_SCOPED		Classified and conservatively scoped; no new R07 root assigned.
scripts/restore-required-executable-bits.js	1238	ba678ee0d636ef8adefccdc30e0558fb9f90d82a283d9a5c15b8c36fa77791f5	OTHER	CROSS_AREA_REFERENCE	INVENTORIED_AND_SCOPED		Classified and conservatively scoped; no new R07 root assigned.
scripts/run_betting_win_upstream_lock.mjs	1370	25637a7836621ad268a28f30d5f32c75ae3f73ee960a54291fd0b81006d24b33	OTHER	CROSS_AREA_REFERENCE	INVENTORIED_AND_SCOPED		Classified and conservatively scoped; no new R07 root assigned.
scripts/validate_api_only_upstream.py	13337	2600a915dd6d55cb67432c7ec2731d44794098d42310f5b6c7195c8d2e69f4f1	STATIC_VALIDATOR_OR_TOOL	CROSS_AREA_REFERENCE	INVENTORIED_AND_SCOPED		Classified and conservatively scoped; no new R07 root assigned.
scripts/validate_artifact_hygiene.py	10201	c832883d005e974d42cc4aa25eec2b5af80e0bb71f9a89c44b3fc47248b93d8b	STATIC_VALIDATOR_OR_TOOL	R07_MATERIAL_CALLER	TRACED_FOR_HANDOFF		Material caller or shared contract traced to establish R07 behavior or handoff.
scripts/validate_autonomous_continuation_contract.py	4347	881edd78af76d3c9cb1197da374ded2d9c4525b384061b30f217dc5f710cf626	STATIC_VALIDATOR_OR_TOOL	CROSS_AREA_REFERENCE	INVENTORIED_AND_SCOPED		Classified and conservatively scoped; no new R07 root assigned.
scripts/validate_autonomous_controller_contract.py	30609	c129f6b0b8b979563d336f37d191e828d098a2f80e3ad11a1d3a8db305c5a3a3	STATIC_VALIDATOR_OR_TOOL	R07_MATERIAL_CALLER	TRACED_FOR_HANDOFF		Material caller or shared contract traced to establish R07 behavior or handoff.
scripts/validate_betting_win_upstream_contract.py	10030	931cd26b0530ee620ede9063a60fb75f3a5835f25860c8b2842f98950d283c54	STATIC_VALIDATOR_OR_TOOL	CROSS_AREA_REFERENCE	INVENTORIED_AND_SCOPED		Classified and conservatively scoped; no new R07 root assigned.
scripts/validate_bws_b1_acceptance.py	3339	f31f3f38125c3c308859278c77eeebf0db0c6fd13a1adc88f7e7e3ca797394ca	STATIC_VALIDATOR_OR_TOOL	R07_MATERIAL_CALLER	TRACED_FOR_HANDOFF		Material caller or shared contract traced to establish R07 behavior or handoff.
scripts/validate_bws_b1_authority.py	10855	57fe8799577d65daccf69c4b638f0e7d35e061ce76da13ede16f57f8f6891f94	STATIC_VALIDATOR_OR_TOOL	CROSS_AREA_REFERENCE	INVENTORIED_AND_SCOPED		Classified and conservatively scoped; no new R07 root assigned.
scripts/validate_bws_b1_boundary.py	9495	1471aa0a3c467e010b9ab5a9b14cbffc63e17856eb63b088ff583d9ae7536dd8	STATIC_VALIDATOR_OR_TOOL	CROSS_AREA_REFERENCE	INVENTORIED_AND_SCOPED		Classified and conservatively scoped; no new R07 root assigned.
scripts/validate_bws_loopback_acceptance.mjs	10779	1624933a115da5e14c687b95913d7de272bfddf528039fb90acdb502087d1c50	OTHER	CROSS_AREA_REFERENCE	INVENTORIED_AND_SCOPED		Classified and conservatively scoped; no new R07 root assigned.
scripts/validate_contract_boundary.py	2028	8d8b4d559a000517e766b14f93b76379c2027dbe269f87f56167be4a5d2bb174	STATIC_VALIDATOR_OR_TOOL	CROSS_AREA_REFERENCE	INVENTORIED_AND_SCOPED		Classified and conservatively scoped; no new R07 root assigned.
scripts/validate_documentation_slimming.py	3983	5a0cdf3f6be338428780e7cf7889e64bcb09eab58576ff7b2b7443eeada3a0b8	STATIC_VALIDATOR_OR_TOOL	CROSS_AREA_REFERENCE	INVENTORIED_AND_SCOPED		Classified and conservatively scoped; no new R07 root assigned.
scripts/validate_executable_bits.py	1698	1c12dfba6da59560b91ba9b41776bea31c77959a5a3cffd58bb84168ea315d66	STATIC_VALIDATOR_OR_TOOL	CROSS_AREA_REFERENCE	INVENTORIED_AND_SCOPED		Classified and conservatively scoped; no new R07 root assigned.
scripts/validate_fixture_integrity.py	3369	fc4eb4e0ccf040ee399659e17ce9983d61d3b16f01de4ea9ebe44da37dbbf5bb	STATIC_VALIDATOR_OR_TOOL	CROSS_AREA_REFERENCE	INVENTORIED_AND_SCOPED		Classified and conservatively scoped; no new R07 root assigned.
scripts/validate_full_implementation_program.py	12877	5d81c01587b0b36713da90bf0226ac6c40cfaafbca8af2e6bdf3edd315a653bb	STATIC_VALIDATOR_OR_TOOL	CROSS_AREA_REFERENCE	INVENTORIED_AND_SCOPED		Classified and conservatively scoped; no new R07 root assigned.
scripts/validate_local_engine_backlog_contract.py	2224	400227b56aecaf876c24d37dce7dd6d5cff9f4d248f644fba5d3465926310f01	STATIC_VALIDATOR_OR_TOOL	CROSS_AREA_REFERENCE	INVENTORIED_AND_SCOPED		Classified and conservatively scoped; no new R07 root assigned.
scripts/validate_master_plan.py	3810	5fc6ead681527e69d646cb23613514ac1c29afaf111ca3722588eac5d289b468	STATIC_VALIDATOR_OR_TOOL	CROSS_AREA_REFERENCE	INVENTORIED_AND_SCOPED		Classified and conservatively scoped; no new R07 root assigned.
scripts/validate_no_execution_paths.py	2869	da689d340d84cecbf8e5a7b3056fd233820e65187de312f48268806f196dd65b	STATIC_VALIDATOR_OR_TOOL	CROSS_AREA_REFERENCE	INVENTORIED_AND_SCOPED		Classified and conservatively scoped; no new R07 root assigned.
scripts/validate_no_provider_connections.py	2807	e2afd91309af1ce80d0f0c8cd91f4aff944a1408f3443167c80ddb6476f0a003	STATIC_VALIDATOR_OR_TOOL	CROSS_AREA_REFERENCE	INVENTORIED_AND_SCOPED		Classified and conservatively scoped; no new R07 root assigned.
scripts/validate_node_runtime_loader.py	3461	0673fde5c9877eb064985feeefc0b1043bcf7c5dcefadd675f48bd3371443334	STATIC_VALIDATOR_OR_TOOL	CROSS_AREA_REFERENCE	INVENTORIED_AND_SCOPED		Classified and conservatively scoped; no new R07 root assigned.
scripts/validate_private_paper_mode_backlog_contract.py	3055	e7da066d7bf76c1903813078b79a8071003478a6a253671046c0869e07e6395f	STATIC_VALIDATOR_OR_TOOL	CROSS_AREA_REFERENCE	INVENTORIED_AND_SCOPED		Classified and conservatively scoped; no new R07 root assigned.
scripts/validate_remaining_operator_runtime_program.py	7688	7c5c302de6ab4483ce21ab6602a5d31ca87c931b570f45184bdb722780ba1cc1	STATIC_VALIDATOR_OR_TOOL	R07_MATERIAL_CALLER	TRACED_FOR_HANDOFF		Material caller or shared contract traced to establish R07 behavior or handoff.
scripts/validate_repo.py	20526	52c41ced74b54ddb973f23d59fc2777d4ba27df64e101cf8e390b71d2312aa82	STATIC_VALIDATOR_OR_TOOL	R07_MATERIAL_CALLER	TRACED_FOR_HANDOFF		Material caller or shared contract traced to establish R07 behavior or handoff.
scripts/validate_shell_local_assignments.py	2572	0f27e6eb5c0a87d60efe69eb5e14d1dd357c0e5f957512747e19bc0523ca8390	STATIC_VALIDATOR_OR_TOOL	CROSS_AREA_REFERENCE	INVENTORIED_AND_SCOPED		Classified and conservatively scoped; no new R07 root assigned.
scripts/validate_source_manifest.py	5569	2235e6c4276dc8dad2a0328e956d3622ec6bfbef0978843cdf35e81e58e956b5	STATIC_VALIDATOR_OR_TOOL	CROSS_AREA_REFERENCE	INVENTORIED_AND_SCOPED		Classified and conservatively scoped; no new R07 root assigned.
scripts/validate_temp_inode_safety.py	5098	68a3a8b67a6cae099b0b19c3a6291fbce2bbd89bcf5605d7d2075ad50e9ea22a	STATIC_VALIDATOR_OR_TOOL	R07_MATERIAL_CALLER	TRACED_FOR_HANDOFF		Material caller or shared contract traced to establish R07 behavior or handoff.
scripts/validate_three_repo_surebet_boundary.py	5834	ae3c88816217df963d0fa047e65f7334fbf552505ace9d81764bb181eb69c0cd	STATIC_VALIDATOR_OR_TOOL	CROSS_AREA_REFERENCE	INVENTORIED_AND_SCOPED		Classified and conservatively scoped; no new R07 root assigned.
src/adapters/betting-win-export-reader.ts	84	f1a47389999a190c5699f006e8c2ae5e9d3f15918438c14fdc648fb92c4b16f3	SOURCE_TYPESCRIPT	INVENTORIED_NOT_OWNED	INVENTORIED_ONLY		Archive member hashed and accounted for; outside R07 substantive ownership.
src/adapters/betting-win-local-bundle-reader.ts	90	944cfb31a6fccecfa114239d993b78336703cff9a8395ff23c6cd9642aa6722b	SOURCE_TYPESCRIPT	INVENTORIED_NOT_OWNED	INVENTORIED_ONLY		Archive member hashed and accounted for; outside R07 substantive ownership.
src/adapters/betting-win-pinned-bundle-intake.ts	91	96ecd8eaf168424866369b3b05ce427fbe4e8651bbd3ade126ba35eceed03989	SOURCE_TYPESCRIPT	INVENTORIED_NOT_OWNED	INVENTORIED_ONLY		Archive member hashed and accounted for; outside R07 substantive ownership.
src/adapters/betting-win-query-client.ts	83	d0be639f2d5449a110592d0505c650d64335590cb2d86de51a22aa7e92f59803	SOURCE_TYPESCRIPT	INVENTORIED_NOT_OWNED	INVENTORIED_ONLY		Archive member hashed and accounted for; outside R07 substantive ownership.
src/adapters/betting-win-strategy-export-intake.ts	93	7554602cf3b3ab5b553c07f904dd4029111df5f4c4bc2fb9e29ef687942f2876	SOURCE_TYPESCRIPT	INVENTORIED_NOT_OWNED	INVENTORIED_ONLY		Archive member hashed and accounted for; outside R07 substantive ownership.
src/api/bws-read-only-query-http.ts	78	5b0c6ba1d552bb3f44368ea21bcc894a49f6cd01fb94a81637e068ae8a886cf8	SOURCE_TYPESCRIPT	INVENTORIED_NOT_OWNED	INVENTORIED_ONLY		Archive member hashed and accounted for; outside R07 substantive ownership.
src/api/bws-read-only-query-service.ts	81	7844834a44e07db032f9fad357755e5d939931a6cabb176ed7e52bcba12c46b9	SOURCE_TYPESCRIPT	INVENTORIED_NOT_OWNED	INVENTORIED_ONLY		Archive member hashed and accounted for; outside R07 substantive ownership.
src/backtest/b1-cross-venue-backtest.ts	82	8f64ce0d51a1e35ae960972f21da956342207bce57ace5068b974f7680a02fb3	SOURCE_TYPESCRIPT	INVENTORIED_NOT_OWNED	INVENTORIED_ONLY		Archive member hashed and accounted for; outside R07 substantive ownership.
src/backtest/standard-binary-backtest.ts	83	bb6e335ac68114beeafd03edc8f7840c8ce8b874b04e7470743f8ec9b68abef4	SOURCE_TYPESCRIPT	INVENTORIED_NOT_OWNED	INVENTORIED_ONLY		Archive member hashed and accounted for; outside R07 substantive ownership.
src/cli/bws-database-lifecycle.ts	76	92e46c2e16b8171fa9eb6e6d7504ceaf147cecc3d3a09054a9e13d954be009d3	SOURCE_TYPESCRIPT	INVENTORIED_NOT_OWNED	INVENTORIED_ONLY		Archive member hashed and accounted for; outside R07 substantive ownership.
src/cli/bws-external-runtime-preflight.ts	84	964cd88ced0677032411af7e5bd5b1476b75d96566eb0bdf0047a22df5705d87	SOURCE_TYPESCRIPT	INVENTORIED_NOT_OWNED	INVENTORIED_ONLY		Archive member hashed and accounted for; outside R07 substantive ownership.
src/cli/bws-final-local-acceptance.ts	80	73f86ef08cd80017a173708e955ce1e476075a3d7413fdc99cafb85339399429	SOURCE_TYPESCRIPT	INVENTORIED_NOT_OWNED	INVENTORIED_ONLY		Archive member hashed and accounted for; outside R07 substantive ownership.
src/cli/bws-observability.ts	71	f9a959973fe405aec5dec09f8a2fc87dd7ff1580a16d7abf768a6094e641c47f	SOURCE_TYPESCRIPT	INVENTORIED_NOT_OWNED	INVENTORIED_ONLY		Archive member hashed and accounted for; outside R07 substantive ownership.
src/cli/bws-paper-runtime-evidence.ts	80	de655a65a87e535559620d4e2cc0be82e9041626a8c96ec94be86a9d6bff88b9	SOURCE_TYPESCRIPT	INVENTORIED_NOT_OWNED	INVENTORIED_ONLY		Archive member hashed and accounted for; outside R07 substantive ownership.
src/cli/bws-paper-runtime-handoff.ts	79	8fe36367ee90681b51880f676ddfbafc19f3e0121bfa09026f95bbe874345514	SOURCE_TYPESCRIPT	INVENTORIED_NOT_OWNED	INVENTORIED_ONLY		Archive member hashed and accounted for; outside R07 substantive ownership.
src/cli/bws-private-paper-scheduler-service.ts	89	d396d90389adadb480c1d435fc2ca0a554fc30594e0471feeb35818a989ad387	SOURCE_TYPESCRIPT	INVENTORIED_NOT_OWNED	INVENTORIED_ONLY		Archive member hashed and accounted for; outside R07 substantive ownership.
src/cli/bws-private-paper-scheduler.ts	81	f41be8960f96ef1d395b56cd67492684699b2c54c1cbd76b7a837f308afa6d5a	SOURCE_TYPESCRIPT	INVENTORIED_NOT_OWNED	INVENTORIED_ONLY		Archive member hashed and accounted for; outside R07 substantive ownership.
src/cli/bws-private-paper-worker-service.ts	86	d57e500ce3b88ec0c91b8b60da2c885739063ad22b56fc9c185671adfb1cf3f6	SOURCE_TYPESCRIPT	INVENTORIED_NOT_OWNED	INVENTORIED_ONLY		Archive member hashed and accounted for; outside R07 substantive ownership.
src/cli/bws-private-paper-worker.ts	78	e49cc551a5f18e70770b7b26a7dec237fc9b8fc89a7356524ee18e538de43755	SOURCE_TYPESCRIPT	INVENTORIED_NOT_OWNED	INVENTORIED_ONLY		Archive member hashed and accounted for; outside R07 substantive ownership.
src/cli/bws-read-only-api.ts	71	ec83e68a061ba198398bb174ddf5c989599ddf8aeeedb68da08db1a116d01ed4	SOURCE_TYPESCRIPT	INVENTORIED_NOT_OWNED	INVENTORIED_ONLY		Archive member hashed and accounted for; outside R07 substantive ownership.
src/cli/bws-release-packaging.ts	75	7724db5825f569c83ab8da92e8a5d39f9b60cec191dace4b43a6d14ec04c8618	SOURCE_TYPESCRIPT	INVENTORIED_NOT_OWNED	INVENTORIED_ONLY		Archive member hashed and accounted for; outside R07 substantive ownership.
src/cli/bws-release-upgrade.ts	73	33ae49aebe04e4b30ac3a15d63527978f147e9a4e41029e47fd75e37ca1e693e	SOURCE_TYPESCRIPT	INVENTORIED_NOT_OWNED	INVENTORIED_ONLY		Archive member hashed and accounted for; outside R07 substantive ownership.
src/cli/bws-soak-campaign.ts	71	574a2043eb0a93b927c0747b2818215bb0bb64e75398c7fd8acdb77613eedb93	SOURCE_TYPESCRIPT	INVENTORIED_NOT_OWNED	INVENTORIED_ONLY		Archive member hashed and accounted for; outside R07 substantive ownership.
src/cli/bws-upstream-api-convergence.ts	82	780211b0e1d8c2201e17d1d2dede6329477d4fa4662abf3638fff47a18416b94	SOURCE_TYPESCRIPT	INVENTORIED_NOT_OWNED	INVENTORIED_ONLY		Archive member hashed and accounted for; outside R07 substantive ownership.
src/cli/bws-upstream-convergence-service.ts	86	d6a9e3f7f637d77d8a91eb69181c36e1a30834926e0f625001b57e07b17b542e	SOURCE_TYPESCRIPT	INVENTORIED_NOT_OWNED	INVENTORIED_ONLY		Archive member hashed and accounted for; outside R07 substantive ownership.
src/cli/bws-upstream-export-convergence.ts	85	dc61817784ad94f0a556619c19198dd9e2b429a30101aa91b8b9c1dc297eb11c	SOURCE_TYPESCRIPT	INVENTORIED_NOT_OWNED	INVENTORIED_ONLY		Archive member hashed and accounted for; outside R07 substantive ownership.
src/cli/local-paper-batch-report.ts	476	f0571e7661021137cb1848e6f5cde1c6d92413ee8d83dfac21c0f7f6d10c27ff	SOURCE_TYPESCRIPT	INVENTORIED_NOT_OWNED	INVENTORIED_ONLY		Archive member hashed and accounted for; outside R07 substantive ownership.
src/cli/local-paper-report.ts	454	55221e2cb64c76fb2702655f8ef30da8bd5977518345f170e47c04e81b8d98c0	SOURCE_TYPESCRIPT	INVENTORIED_NOT_OWNED	INVENTORIED_ONLY		Archive member hashed and accounted for; outside R07 substantive ownership.
src/contracts/b1-local-types.ts	74	37048008d76a6c642e1b05f81c611ce9a24f09e3d7fe756b99978d3b0a65998a	SOURCE_TYPESCRIPT	INVENTORIED_NOT_OWNED	INVENTORIED_ONLY		Archive member hashed and accounted for; outside R07 substantive ownership.
src/contracts/betting-win-b1-resource-records.ts	91	e1f11127cde211bc114604c01def9361a34b55d0475d5ae2bd38f2791863aa06	SOURCE_TYPESCRIPT	INVENTORIED_NOT_OWNED	INVENTORIED_ONLY		Archive member hashed and accounted for; outside R07 substantive ownership.
src/contracts/betting-win-contract-imports.ts	88	b811271ccec8d58e57ef8d105ae35dba7797a3682428eb555ca271b693fb354a	SOURCE_TYPESCRIPT	INVENTORIED_NOT_OWNED	INVENTORIED_ONLY		Archive member hashed and accounted for; outside R07 substantive ownership.
src/contracts/betting-win-resource-records.ts	88	5a8376b2b9424898228f35ebee942ee7dd2b9b4cb07c99bfa28dbb389f61955e	SOURCE_TYPESCRIPT	INVENTORIED_NOT_OWNED	INVENTORIED_ONLY		Archive member hashed and accounted for; outside R07 substantive ownership.
src/contracts/local-types.ts	71	fbf658d57653d59d91ab3b4948e81ebde80e5dabab7c50d90015a0fd2a8d8ff8	SOURCE_TYPESCRIPT	INVENTORIED_NOT_OWNED	INVENTORIED_ONLY		Archive member hashed and accounted for; outside R07 substantive ownership.
src/economics/b1-capital-lock.ts	75	a154b950e18a0454761b398e8afa41ea49a738f0ca545e1bb94c4bc3aadc3d93	SOURCE_TYPESCRIPT	INVENTORIED_NOT_OWNED	INVENTORIED_ONLY		Archive member hashed and accounted for; outside R07 substantive ownership.
src/economics/b1-fee-matrix.ts	73	dc528370e9bc539f1709a356dc152470112d8afa5ec02e1219e5959e08c6f5b0	SOURCE_TYPESCRIPT	INVENTORIED_NOT_OWNED	INVENTORIED_ONLY		Archive member hashed and accounted for; outside R07 substantive ownership.
src/economics/b1-lateness-penalty.ts	79	b8293047e56c3e53277564f83449d8153579a5edcd93de8bcbb8dbe161592834	SOURCE_TYPESCRIPT	INVENTORIED_NOT_OWNED	INVENTORIED_ONLY		Archive member hashed and accounted for; outside R07 substantive ownership.
src/economics/b1-net-spread.ts	73	420c2a206c7cdeebe3b1645390fb44374280a61c244b9ec10a0b17d22bb3d7a7	SOURCE_TYPESCRIPT	INVENTORIED_NOT_OWNED	INVENTORIED_ONLY		Archive member hashed and accounted for; outside R07 substantive ownership.
src/identity/b1-market-equivalence.ts	80	5ee7a4cabaf03d0ca832f1ed561b8108c8851fcfe45efadc048c12fd87ddc37e	SOURCE_TYPESCRIPT	INVENTORIED_NOT_OWNED	INVENTORIED_ONLY		Archive member hashed and accounted for; outside R07 substantive ownership.
src/identity/b1-selection-equivalence.ts	83	13e6d840254c42bb89761272dc52359e0bfa691717ddd4af97584e7d05db235d	SOURCE_TYPESCRIPT	INVENTORIED_NOT_OWNED	INVENTORIED_ONLY		Archive member hashed and accounted for; outside R07 substantive ownership.
src/identity/b1-venue-pair-key.ts	76	6143ccbae44dbdb9a4c1b0850a89a0752f0d605d1fcc4dfea995e2758eb9e4d3	SOURCE_TYPESCRIPT	INVENTORIED_NOT_OWNED	INVENTORIED_ONLY		Archive member hashed and accounted for; outside R07 substantive ownership.
src/identity/equivalence-precheck.ts	79	9c095f85eae05239447c95dcb5623eb372a780198c794424657292e68b9b6202	SOURCE_TYPESCRIPT	INVENTORIED_NOT_OWNED	INVENTORIED_ONLY		Archive member hashed and accounted for; outside R07 substantive ownership.
src/identity/market-group-key.ts	75	bd312f31752aacdc3e3b4f78578c11db0f15e2846a92c2840b153c121fd75870	SOURCE_TYPESCRIPT	INVENTORIED_NOT_OWNED	INVENTORIED_ONLY		Archive member hashed and accounted for; outside R07 substantive ownership.
src/operations/b1-runtime-evidence.ts	80	9a4bc2076e09b9ec050a1bcaa3954406b16c4968f0ce282d72dfde4e8a2e7997	SOURCE_TYPESCRIPT	INVENTORIED_NOT_OWNED	INVENTORIED_ONLY		Archive member hashed and accounted for; outside R07 substantive ownership.
src/operations/database-lifecycle.ts	79	e9675e677e24845dfd2b2a1c815803bd7af83d94f687555d4a94810f5fc7298e	SOURCE_TYPESCRIPT	INVENTORIED_NOT_OWNED	INVENTORIED_ONLY		Archive member hashed and accounted for; outside R07 substantive ownership.
src/operations/external-runtime-preflight.ts	87	fe3fe2ea28888932943dfea59a6f3d775fb782ebb9e010efd09d5cc8b308ae02	SOURCE_TYPESCRIPT	INVENTORIED_NOT_OWNED	INVENTORIED_ONLY		Archive member hashed and accounted for; outside R07 substantive ownership.
src/operations/final-local-acceptance.ts	83	07d9de47fb4f827c0a9309c70996122db908406c43fffa75a7d4450026d56a4f	SOURCE_TYPESCRIPT	INVENTORIED_NOT_OWNED	INVENTORIED_ONLY		Archive member hashed and accounted for; outside R07 substantive ownership.
src/operations/observability.ts	74	3b6b3b520ae3f0c462202cf7260a12a531319424228cd49159996393bab46cec	SOURCE_TYPESCRIPT	INVENTORIED_NOT_OWNED	INVENTORIED_ONLY		Archive member hashed and accounted for; outside R07 substantive ownership.
src/operations/operator-lifecycle.ts	79	15ea2f683718ec53c601d107d271b67377a7820e4d7b6f9b5a196c77c14560cd	SOURCE_TYPESCRIPT	INVENTORIED_NOT_OWNED	INVENTORIED_ONLY		Archive member hashed and accounted for; outside R07 substantive ownership.
src/operations/paper-runtime-evidence.ts	83	b2b453dd43ac4eaecdfcdad791110a92b3812e29ebbfaa5b1ffe511492047f59	SOURCE_TYPESCRIPT	INVENTORIED_NOT_OWNED	INVENTORIED_ONLY		Archive member hashed and accounted for; outside R07 substantive ownership.
src/operations/paper-runtime-handoff.ts	82	459895818baa0f49fabefce45d302617a06e11aa36cc2640f9ffcf41f350c7d1	SOURCE_TYPESCRIPT	INVENTORIED_NOT_OWNED	INVENTORIED_ONLY		Archive member hashed and accounted for; outside R07 substantive ownership.
src/operations/private-paper-runtime-scheduler.ts	92	d682ab47a3ca4e33a399b180baad0c8de327c0f27267c782a455a73eccbb3b88	SOURCE_TYPESCRIPT	INVENTORIED_NOT_OWNED	INVENTORIED_ONLY		Archive member hashed and accounted for; outside R07 substantive ownership.
src/operations/private-paper-scheduler-service.ts	92	aa3ffe866dd8341725d2f2b1dba6d4031287e09208a195a8c5850689b88d9f36	SOURCE_TYPESCRIPT	INVENTORIED_NOT_OWNED	INVENTORIED_ONLY		Archive member hashed and accounted for; outside R07 substantive ownership.
src/operations/private-paper-worker-service.ts	89	48819bda3917c08bbfa8d659a48fdb93b9b1705d50fcef48ee8c1cdb0a165724	SOURCE_TYPESCRIPT	INVENTORIED_NOT_OWNED	INVENTORIED_ONLY		Archive member hashed and accounted for; outside R07 substantive ownership.
src/operations/release-packaging.ts	78	e5411049c3bda94a28a471890c5137b139e23d5a54fc41389a11017b311c5e40	SOURCE_TYPESCRIPT	INVENTORIED_NOT_OWNED	INVENTORIED_ONLY		Archive member hashed and accounted for; outside R07 substantive ownership.
src/operations/release-upgrade.ts	76	a5869873cc95a773a23c6e25d80992b2dc11e3bdec225fa83f004563a17b8c23	SOURCE_TYPESCRIPT	INVENTORIED_NOT_OWNED	INVENTORIED_ONLY		Archive member hashed and accounted for; outside R07 substantive ownership.
src/operations/runtime-applications.ts	81	51ba54202c1ee32a5abef53494031bc6f14087dbdb67313ef6ebdcf058dcaee7	SOURCE_TYPESCRIPT	INVENTORIED_NOT_OWNED	INVENTORIED_ONLY		Archive member hashed and accounted for; outside R07 substantive ownership.
src/operations/service-runtime.ts	76	0875e59c64aab8c0f840e3e6c8642e7b8ce08ca340e054bb4f6db53b892b629e	SOURCE_TYPESCRIPT	INVENTORIED_NOT_OWNED	INVENTORIED_ONLY		Archive member hashed and accounted for; outside R07 substantive ownership.
src/operations/soak-campaign.ts	74	7c3952d34f2cc7c01d9826ce1248974cd9af29de9da2ba3133b5e128714bba68	SOURCE_TYPESCRIPT	INVENTORIED_NOT_OWNED	INVENTORIED_ONLY		Archive member hashed and accounted for; outside R07 substantive ownership.
src/operations/upstream-api-convergence.ts	85	bc53c52774c5aaced0324cd2ae9d00e3f31f43d60068b9131495b6803e22368e	SOURCE_TYPESCRIPT	INVENTORIED_NOT_OWNED	INVENTORIED_ONLY		Archive member hashed and accounted for; outside R07 substantive ownership.
src/operations/upstream-convergence-service.ts	89	574ebd51e0246f2ec513108d50122b1e11f409b969ccf356e44ea28d885c80bf	SOURCE_TYPESCRIPT	INVENTORIED_NOT_OWNED	INVENTORIED_ONLY		Archive member hashed and accounted for; outside R07 substantive ownership.
src/operations/upstream-export-convergence.ts	351	69949bdbae031801d4d158769242e3e75d5a2e5564f6b293f9e3bc6de4a49b6a	SOURCE_TYPESCRIPT	INVENTORIED_NOT_OWNED	INVENTORIED_ONLY		Archive member hashed and accounted for; outside R07 substantive ownership.
src/opportunity/b1-cross-venue-derivation.ts	87	37859275a31a673ad7d889c1a215b35c4d545a82a0aec01f5d03c31490d6bb62	SOURCE_TYPESCRIPT	INVENTORIED_NOT_OWNED	INVENTORIED_ONLY		Archive member hashed and accounted for; outside R07 substantive ownership.
src/opportunity/b1-gross-spread.ts	77	73d0f3a7fc9a26354d1fa167c47f2ba8ff36863373496442a7e4f77431c7a635	SOURCE_TYPESCRIPT	INVENTORIED_NOT_OWNED	INVENTORIED_ONLY		Archive member hashed and accounted for; outside R07 substantive ownership.
src/opportunity/standard-binary-derivation.ts	88	68e30478957274111ae43aadbbd3b8e20e46ced35687f90ef596b7d19ac6c472	SOURCE_TYPESCRIPT	INVENTORIED_NOT_OWNED	INVENTORIED_ONLY		Archive member hashed and accounted for; outside R07 substantive ownership.
src/opportunity/standard-binary-stake-solver.ts	90	0dddae578a40b577c32a7d930644432af7ea251a8efe81ab9bc5a797a77406db	SOURCE_TYPESCRIPT	INVENTORIED_NOT_OWNED	INVENTORIED_ONLY		Archive member hashed and accounted for; outside R07 substantive ownership.
src/persistence/surebet-persistence.ts	57	7ff6366cccab5b31e4db88657b1e0435b801c1104345265f7f0b1e3ba9198571	SOURCE_TYPESCRIPT	INVENTORIED_NOT_OWNED	INVENTORIED_ONLY		Archive member hashed and accounted for; outside R07 substantive ownership.
src/quotes/b1-capacity-model.ts	74	7770d650f1929b6aaac83f0bc4ca6c7cba116452793d2e7b0682350d49f6a496	SOURCE_TYPESCRIPT	INVENTORIED_NOT_OWNED	INVENTORIED_ONLY		Archive member hashed and accounted for; outside R07 substantive ownership.
src/quotes/b1-quote-age-penalty.ts	77	1223fa7c3cbe64e51de4c28bf1e71b1f604bf5de296162b8e7308098f76bf10c	SOURCE_TYPESCRIPT	INVENTORIED_NOT_OWNED	INVENTORIED_ONLY		Archive member hashed and accounted for; outside R07 substantive ownership.
src/quotes/b1-quote-synchronization.ts	81	6c429abddd6057214c4c3937d5a2e137861306400427b69ea50306a41b129915	SOURCE_TYPESCRIPT	INVENTORIED_NOT_OWNED	INVENTORIED_ONLY		Archive member hashed and accounted for; outside R07 substantive ownership.
src/quotes/b1-venue-limit-model.ts	77	e6acaba9bf5d0ebba46b77c2ae1274621ce24224d6c6aafcff5ffc5f6b0b0a8f	SOURCE_TYPESCRIPT	INVENTORIED_NOT_OWNED	INVENTORIED_ONLY		Archive member hashed and accounted for; outside R07 substantive ownership.
src/quotes/fee-cost-model.ts	71	3ceb2e7ed383391e45fe91723bcf3d413d9fb77aa1c65f30005303b732bbb692	SOURCE_TYPESCRIPT	INVENTORIED_NOT_OWNED	INVENTORIED_ONLY		Archive member hashed and accounted for; outside R07 substantive ownership.
src/quotes/quote-capacity.ts	71	3ba15b57410219ea49252010f3ac29990d72a70d38ebe4608cc98458909117a8	SOURCE_TYPESCRIPT	INVENTORIED_NOT_OWNED	INVENTORIED_ONLY		Archive member hashed and accounted for; outside R07 substantive ownership.
src/quotes/quote-freshness.ts	72	32bda9bd0336d34d36302df13fbc198d9f302d1fe408e7dc0b26c3ea9311ddb3	SOURCE_TYPESCRIPT	INVENTORIED_NOT_OWNED	INVENTORIED_ONLY		Archive member hashed and accounted for; outside R07 substantive ownership.
src/reporting/b1-backtest-report.ts	78	b6e57d60e79babfd51e79fbb8db2e40f30ecdb5db9c71c01fe3f7b15524df455	SOURCE_TYPESCRIPT	INVENTORIED_NOT_OWNED	INVENTORIED_ONLY		Archive member hashed and accounted for; outside R07 substantive ownership.
src/reporting/b1-false-positive-report.ts	84	de7a9a8c1ba81da197bf53fe08b9012bcfe3b8b1b31031aa566ad2248cc70e84	SOURCE_TYPESCRIPT	INVENTORIED_NOT_OWNED	INVENTORIED_ONLY		Archive member hashed and accounted for; outside R07 substantive ownership.
src/reporting/blocker-report.ts	74	fcb4a2ea1a793889edfb2e657411b803c5dd7906276456ad260f9c845c336961	SOURCE_TYPESCRIPT	INVENTORIED_NOT_OWNED	INVENTORIED_ONLY		Archive member hashed and accounted for; outside R07 substantive ownership.
src/reporting/opportunity-report.ts	78	7274c5cf9f303b265c495e0ea4544ebfd1287d30b49582c8a230d04b4eac2848	SOURCE_TYPESCRIPT	INVENTORIED_NOT_OWNED	INVENTORIED_ONLY		Archive member hashed and accounted for; outside R07 substantive ownership.
src/reporting/private-run-report.ts	78	5897fe385e9261de0d90aba71c02462250b21e456d3adadabe538f9f4c9582e3	SOURCE_TYPESCRIPT	INVENTORIED_NOT_OWNED	INVENTORIED_ONLY		Archive member hashed and accounted for; outside R07 substantive ownership.
src/runtime/private-paper-runtime.ts	79	e51cbfee3c32a96d4c3998e513f88575cb86c12fb04d074d326c22dd76dcefc7	SOURCE_TYPESCRIPT	INVENTORIED_NOT_OWNED	INVENTORIED_ONLY		Archive member hashed and accounted for; outside R07 substantive ownership.
src/scenarios/b1-scenario-cashflow.ts	80	570751ca3f105fd9bae29cf723aadecf6013b69ca4c61f2bb5ac63a57c1808f2	SOURCE_TYPESCRIPT	INVENTORIED_NOT_OWNED	INVENTORIED_ONLY		Archive member hashed and accounted for; outside R07 substantive ownership.
src/scenarios/b1-terminal-scenario.ts	80	3b40c0f975e9d083f278e10824bdfcf7d89dd7fc60d5a22117c792aebaa829e5	SOURCE_TYPESCRIPT	INVENTORIED_NOT_OWNED	INVENTORIED_ONLY		Archive member hashed and accounted for; outside R07 substantive ownership.
src/scenarios/complete-set.ts	72	9e861f9bc194f2edddbb253c2917f9849752fc0af72c6e83ed18c64a2a333792	SOURCE_TYPESCRIPT	INVENTORIED_NOT_OWNED	INVENTORIED_ONLY		Archive member hashed and accounted for; outside R07 substantive ownership.
src/scenarios/scenario-cashflow.ts	77	367920fd2b532dbb959d2258c4e0c71b3b5ab7d9588091bed980dadfb793fa52	SOURCE_TYPESCRIPT	INVENTORIED_NOT_OWNED	INVENTORIED_ONLY		Archive member hashed and accounted for; outside R07 substantive ownership.
src/scenarios/terminal-scenario.ts	77	43af49d45344da71a2d76c945b7b8c4d75c6da5b6d6c459e49e2868ab3433756	SOURCE_TYPESCRIPT	INVENTORIED_NOT_OWNED	INVENTORIED_ONLY		Archive member hashed and accounted for; outside R07 substantive ownership.
src/simulation/b1-leg-completion.ts	78	d2061bc37ff722517ab3644ba457167fc875ec03e631b51be402364f7ef36bc0	SOURCE_TYPESCRIPT	INVENTORIED_NOT_OWNED	INVENTORIED_ONLY		Archive member hashed and accounted for; outside R07 substantive ownership.
src/simulation/b1-residual-exposure.ts	81	f6930c3d96e99a95d5da1ba4f136c7093bd4f7c70fa01bdd7d120d8ad5d28f19	SOURCE_TYPESCRIPT	INVENTORIED_NOT_OWNED	INVENTORIED_ONLY		Archive member hashed and accounted for; outside R07 substantive ownership.
src/simulation/b1-settlement-replay.ts	81	be8f2286758dc28d2602dfc1e8925c679dbe1efed551dbefc5b2d2952e6a7ca0	SOURCE_TYPESCRIPT	INVENTORIED_NOT_OWNED	INVENTORIED_ONLY		Archive member hashed and accounted for; outside R07 substantive ownership.
src/simulation/b1-void-rule-replay.ts	80	e18e26546b499a40a7d64710a29b03f3e36de2aff623f2fcff61f426a2d1464d	SOURCE_TYPESCRIPT	INVENTORIED_NOT_OWNED	INVENTORIED_ONLY		Archive member hashed and accounted for; outside R07 substantive ownership.
src/simulation/leg-completion.ts	75	c2eb6c1edb3398e6fb5fbb101a3657324024eb525a5f56411abd4f8cb44b75b6	SOURCE_TYPESCRIPT	INVENTORIED_NOT_OWNED	INVENTORIED_ONLY		Archive member hashed and accounted for; outside R07 substantive ownership.
src/simulation/non-atomic-completion.ts	82	c59b045e0072a045de0b7b364269dd7c79b4d0f84ad8da6ebce6b805f2b76a69	SOURCE_TYPESCRIPT	INVENTORIED_NOT_OWNED	INVENTORIED_ONLY		Archive member hashed and accounted for; outside R07 substantive ownership.
src/simulation/partial-fill.ts	73	66c96b590fd0c26df1d5906acb9aecf11499f17788c98fc7cf86db294cde75b8	SOURCE_TYPESCRIPT	INVENTORIED_NOT_OWNED	INVENTORIED_ONLY		Archive member hashed and accounted for; outside R07 substantive ownership.
src/simulation/residual-exposure.ts	78	8d2e7b080bf70e74e0e903559718c83ae671a94b984dc51dc21ae654bce10152	SOURCE_TYPESCRIPT	INVENTORIED_NOT_OWNED	INVENTORIED_ONLY		Archive member hashed and accounted for; outside R07 substantive ownership.
src/simulation/settlement-replay.ts	78	71e188bc428b4c5c8eba5cc48fb0290de65605268577cf2f9de7de2766e4dff9	SOURCE_TYPESCRIPT	INVENTORIED_NOT_OWNED	INVENTORIED_ONLY		Archive member hashed and accounted for; outside R07 substantive ownership.
src/solver/b1-generalized-stake-vector.ts	84	13c0c0339e3b55f09bb72c5653ff8617602ae9a39c22eb2b169decf49f182abe	SOURCE_TYPESCRIPT	INVENTORIED_NOT_OWNED	INVENTORIED_ONLY		Archive member hashed and accounted for; outside R07 substantive ownership.
src/solver/b1-rounding.ts	68	e96bbb1afccb293699d300cb3533370d3b85c8338993d49cbf58a63c0628ac90	SOURCE_TYPESCRIPT	INVENTORIED_NOT_OWNED	INVENTORIED_ONLY		Archive member hashed and accounted for; outside R07 substantive ownership.
src/solver/constraints.ts	68	d4551d60e365e8f193df11ca95ba05614bd85e5191ed3424b49ba8cd155e7e42	SOURCE_TYPESCRIPT	INVENTORIED_NOT_OWNED	INVENTORIED_ONLY		Archive member hashed and accounted for; outside R07 substantive ownership.
src/solver/rounding.ts	65	3817f8055d57bea7959a78d9d51af1d449777ca7d41336323578a3d6067f31d7	SOURCE_TYPESCRIPT	INVENTORIED_NOT_OWNED	INVENTORIED_ONLY		Archive member hashed and accounted for; outside R07 substantive ownership.
src/solver/stake-vector.ts	69	43eec77ca4977e785d30aacf5dcfd0f58ee1fe1ce2e695ff121ae0d1f0d1b8b2	SOURCE_TYPESCRIPT	INVENTORIED_NOT_OWNED	INVENTORIED_ONLY		Archive member hashed and accounted for; outside R07 substantive ownership.
src/strategy/strategy-ledger.ts	74	7ed33648bd5a4fe87eecfa3a9040f32d42bc7e5726960142c949e74967f68f19	SOURCE_TYPESCRIPT	INVENTORIED_NOT_OWNED	INVENTORIED_ONLY		Archive member hashed and accounted for; outside R07 substantive ownership.
src/upstream/betting-win-upstream-lock.ts	356	01fb9b916a76ce63729eab7426720573fc497c9f88cd296a467a9683ca58807d	SOURCE_TYPESCRIPT	INVENTORIED_NOT_OWNED	INVENTORIED_ONLY		Archive member hashed and accounted for; outside R07 substantive ownership.
src/workers/b1-private-observation-jobs.ts	85	6e20ad05ad10a5539fcaf9acbb47dceae351c4fbd444cacf86f64a54ff93ae2f	SOURCE_TYPESCRIPT	INVENTORIED_NOT_OWNED	INVENTORIED_ONLY		Archive member hashed and accounted for; outside R07 substantive ownership.
src/workers/bounded-job-worker.ts	76	c3fb70978f6152f7f658b651555b1062a8703fa7297e60e4576a689b53b5ccfe	SOURCE_TYPESCRIPT	INVENTORIED_NOT_OWNED	INVENTORIED_ONLY		Archive member hashed and accounted for; outside R07 substantive ownership.
src/workers/private-paper-runtime-jobs.ts	84	4b3927fc7bd408dcb4ce0e220445c37bcffc72b473fd193b4116722ad03bc2e6	SOURCE_TYPESCRIPT	INVENTORIED_NOT_OWNED	INVENTORIED_ONLY		Archive member hashed and accounted for; outside R07 substantive ownership.
start.sh	1009	7642e1dd37dfc9eb98866d84f6e784fba0a6037be4d47826b400267b3abd41dc	SHELL_SCRIPT	R07_MATERIAL_CALLER	TRACED_FOR_HANDOFF		Material caller or shared contract traced to establish R07 behavior or handoff.
stop.sh	831	e7eee13fd4aa0f4671f991ba01441081a1b3dfa31528eb30822a1223af950d3d	SHELL_SCRIPT	R07_MATERIAL_CALLER	TRACED_FOR_HANDOFF		Material caller or shared contract traced to establish R07 behavior or handoff.
templates/imported-from-betting-win/legacy/surebet/README.md	384	8ce379a9a706f5a645c2f6dc18c849c0ba165ae068a3e3c045757b07f9759995	DOCUMENTATION	INVENTORIED_NOT_OWNED	INVENTORIED_ONLY		Archive member hashed and accounted for; outside R07 substantive ownership.
templates/imported-from-betting-win/legacy/surebet/surebet_market_identity_and_cashflow_review_template.md	1087	2cb7a4471254f6ed3c74b746fc14c6da9a20674d0d072f10f5d344306c7f784f	DOCUMENTATION	INVENTORIED_NOT_OWNED	INVENTORIED_ONLY		Archive member hashed and accounted for; outside R07 substantive ownership.
tests/api-only-upstream-contract.test.ts	5718	10fed128376e386dd0786dd06e4df1b06c712d96673f52a519c5aacdefb03a57	TEST_TYPESCRIPT	CROSS_AREA_REFERENCE	INVENTORIED_AND_SCOPED		Classified and conservatively scoped; no new R07 root assigned.
tests/autonomous-continuation-contract.test.ts	2819	16eea0100db4077d76193f98954e5df5938fe66b6cf4312cb2386af1fa0754e2	TEST_TYPESCRIPT	CROSS_AREA_REFERENCE	INVENTORIED_AND_SCOPED		Classified and conservatively scoped; no new R07 root assigned.
tests/autonomous-controller-contract.test.ts	34215	516dbd6232aea95d60cf28f82dfac05ea4e503c23c0ceba10c12e4ffa3f01782	TEST_TYPESCRIPT	CROSS_AREA_REFERENCE	INVENTORIED_AND_SCOPED		Classified and conservatively scoped; no new R07 root assigned.
tests/b1-capital-lock.test.ts	2881	331250c1e354ce9f4aa515b943574147b6385088c11d4b6b54a05c04818581f3	TEST_TYPESCRIPT	CROSS_AREA_REFERENCE	INVENTORIED_AND_SCOPED		Classified and conservatively scoped; no new R07 root assigned.
tests/b1-cross-venue-backtest.test.ts	15068	a35fdb26d0aecaf174e5b66195eb6b0e06d2457b15df60b9483092f57098d7ce	TEST_TYPESCRIPT	CROSS_AREA_REFERENCE	INVENTORIED_AND_SCOPED		Classified and conservatively scoped; no new R07 root assigned.
tests/b1-cross-venue-derivation.test.ts	11405	69d33842639aefbc36d93485abdab4796a1cf42f2672b748120d91cb41c6242f	TEST_TYPESCRIPT	CROSS_AREA_REFERENCE	INVENTORIED_AND_SCOPED		Classified and conservatively scoped; no new R07 root assigned.
tests/b1-false-positive-report.test.ts	3997	ef70de9884a62146513b09657bda1ad55953534aa663bfd80cc4ef3dfdfb3c7a	TEST_TYPESCRIPT	CROSS_AREA_REFERENCE	INVENTORIED_AND_SCOPED		Classified and conservatively scoped; no new R07 root assigned.
tests/b1-generalized-stake-vector.test.ts	19075	6844b204dea930d3f90ca29f65d45f4446eb1b421a8c7f9e0eef461a4bde7767	TEST_TYPESCRIPT	CROSS_AREA_REFERENCE	INVENTORIED_AND_SCOPED		Classified and conservatively scoped; no new R07 root assigned.
tests/b1-gross-spread.test.ts	4173	59f5eb1a90c251bc7ab4697eac2177278c0c7c7b44a0de07f7b511a83c72c2d1	TEST_TYPESCRIPT	CROSS_AREA_REFERENCE	INVENTORIED_AND_SCOPED		Classified and conservatively scoped; no new R07 root assigned.
tests/b1-market-equivalence.test.ts	14014	67f5d57889c48c5b77cb978db189ab656120b22895b121bc1096b853769809fc	TEST_TYPESCRIPT	CROSS_AREA_REFERENCE	INVENTORIED_AND_SCOPED		Classified and conservatively scoped; no new R07 root assigned.
tests/b1-net-spread.test.ts	17908	2a4ded52d13f4366cda91b18af6a3575a78aef9e5c41f674cc802db5230265d4	TEST_TYPESCRIPT	CROSS_AREA_REFERENCE	INVENTORIED_AND_SCOPED		Classified and conservatively scoped; no new R07 root assigned.
tests/b1-operator-cockpit.test.ts	2052	7263214119661a53a8d55d2999c16a761999d1eda7aa841c9f4488537256272b	TEST_TYPESCRIPT	CROSS_AREA_REFERENCE	INVENTORIED_AND_SCOPED		Classified and conservatively scoped; no new R07 root assigned.
tests/b1-persistence.test.ts	9938	c51b6a753d32397ac0b20e0e4040bf035bf759dda505175a6155d848fcf8caf9	TEST_TYPESCRIPT	CROSS_AREA_REFERENCE	INVENTORIED_AND_SCOPED		Classified and conservatively scoped; no new R07 root assigned.
tests/b1-private-observation-jobs.test.ts	11214	a0c795e5f9558268bc33f8590ecfe1f94dabc2276d4cf69a55df2f93021a3ee9	TEST_TYPESCRIPT	CROSS_AREA_REFERENCE	INVENTORIED_AND_SCOPED		Classified and conservatively scoped; no new R07 root assigned.
tests/b1-quote-synchronization.test.ts	14355	ce0fc8d630a658225665f060cf84910263589364cf9aa66364ab7883b494112a	TEST_TYPESCRIPT	CROSS_AREA_REFERENCE	INVENTORIED_AND_SCOPED		Classified and conservatively scoped; no new R07 root assigned.
tests/b1-read-only-api.test.ts	4148	72c194a3bc5eeb8fead4d5a5c55827e8a9df42c41880a9c2024113d41a699e39	TEST_TYPESCRIPT	CROSS_AREA_REFERENCE	INVENTORIED_AND_SCOPED		Classified and conservatively scoped; no new R07 root assigned.
tests/b1-rejection-model.test.ts	23971	2b170f593b098d3825e7e80d3664062af4725c0a31b8e035f1f520224753e5fa	TEST_TYPESCRIPT	CROSS_AREA_REFERENCE	INVENTORIED_AND_SCOPED		Classified and conservatively scoped; no new R07 root assigned.
tests/b1-residual-exposure.test.ts	15506	ba7d780ab1c0b7cd60ce86383cc85887fcb8315e215da164fe40bc284f0c100f	TEST_TYPESCRIPT	CROSS_AREA_REFERENCE	INVENTORIED_AND_SCOPED		Classified and conservatively scoped; no new R07 root assigned.
tests/b1-runtime-evidence.test.ts	10364	aebe980faa9efd95c354aace00456a9f93b5952b0e2e29936189dd9d9a68b435	TEST_TYPESCRIPT	R07_PRIMARY	DEEP_TRACED	BWS120-R07-018	Owned production/test/authority path traced to symbols and consumers.
tests/b1-scenario-cashflow.test.ts	27868	e7a2f637255e4d35b6595a5c8b2af5f73475578eeb9d84dd969e761ef45985ed	TEST_TYPESCRIPT	CROSS_AREA_REFERENCE	INVENTORIED_AND_SCOPED		Classified and conservatively scoped; no new R07 root assigned.
tests/b1-settlement-replay.test.ts	37530	0a937ae842b942d1443be193fb5029e22bad25904b9a7909963210aa30538f29	TEST_TYPESCRIPT	CROSS_AREA_REFERENCE	INVENTORIED_AND_SCOPED		Classified and conservatively scoped; no new R07 root assigned.
tests/b1-void-rule-replay.test.ts	2023	5d211f947e77088ddce4baf5518e459327b507767471faf8331a9a15517a7d2c	TEST_TYPESCRIPT	CROSS_AREA_REFERENCE	INVENTORIED_AND_SCOPED		Classified and conservatively scoped; no new R07 root assigned.
tests/betting-win-adapters.test.ts	19725	85d85994e9aafb6a9a55c855b87410692a2a3b8fef03ed531d5a84c54c0a07a1	TEST_TYPESCRIPT	CROSS_AREA_REFERENCE	INVENTORIED_AND_SCOPED		Classified and conservatively scoped; no new R07 root assigned.
tests/betting-win-b1-resource-records.test.ts	14998	4d9bcbde5976040123393ee75577bc3cd55728fecf4fc2bbb29ef2f66ae7ebbd	TEST_TYPESCRIPT	CROSS_AREA_REFERENCE	INVENTORIED_AND_SCOPED		Classified and conservatively scoped; no new R07 root assigned.
tests/betting-win-query-client.test.ts	32780	f8702467b22fd9f4419ced441676064bcfbfda963c7d3edcbce7d46ed93b8880	TEST_TYPESCRIPT	CROSS_AREA_REFERENCE	INVENTORIED_AND_SCOPED		Classified and conservatively scoped; no new R07 root assigned.
tests/betting-win-resource-records.test.ts	6869	e16e4faf873705a0f88c3d28cfdbc56ee018cae0aec491e189fd472a3df4476f	TEST_TYPESCRIPT	CROSS_AREA_REFERENCE	INVENTORIED_AND_SCOPED		Classified and conservatively scoped; no new R07 root assigned.
tests/betting-win-strategy-export-intake.test.ts	26212	db19c7ad4284bd340f94eca15ca201fc1f7f22fe5cbebcc5f131bdc5cf6455c1	TEST_TYPESCRIPT	CROSS_AREA_REFERENCE	INVENTORIED_AND_SCOPED		Classified and conservatively scoped; no new R07 root assigned.
tests/betting-win-upstream-contract.test.ts	20616	97ce19a53408d95bc7cc48fb58497fe82b8716067e1cdae1a7aebae32ac1c06d	TEST_TYPESCRIPT	CROSS_AREA_REFERENCE	INVENTORIED_AND_SCOPED		Classified and conservatively scoped; no new R07 root assigned.
tests/blocker-report.test.ts	8477	f620f7571db03fb3bf17a78226163b7bd53e6eac0f65e0ef53669346bb2e55ec	TEST_TYPESCRIPT	CROSS_AREA_REFERENCE	INVENTORIED_AND_SCOPED		Classified and conservatively scoped; no new R07 root assigned.
tests/boundary-validator-workspace-scope.test.ts	7363	3ff1bbd46c2eca6e5bc44cd6d86063d3b16c270e80d1018f7e1a3a811a8c8718	TEST_TYPESCRIPT	CROSS_AREA_REFERENCE	INVENTORIED_AND_SCOPED		Classified and conservatively scoped; no new R07 root assigned.
tests/bounded-worker-jobs.test.ts	30064	59aa7be3ad2725cdbb8aad00e205dd3ab758b9ace08dd605d337943b0a079e2d	TEST_TYPESCRIPT	CROSS_AREA_REFERENCE	INVENTORIED_AND_SCOPED		Classified and conservatively scoped; no new R07 root assigned.
tests/bugfix-autopilot-contract.test.ts	36100	3b961f46d1cf945442189fdbbf1ea704683c7d9e018c39c6a10f63b503351a1f	TEST_TYPESCRIPT	CROSS_AREA_REFERENCE	INVENTORIED_AND_SCOPED		Classified and conservatively scoped; no new R07 root assigned.
tests/bws-database-lifecycle.test.ts	22853	b9a19a6f4eec6749f1c6a6c07e685f952ec3e960004b029ee763d6974c5bbdaa	TEST_TYPESCRIPT	CROSS_AREA_REFERENCE	INVENTORIED_AND_SCOPED		Classified and conservatively scoped; no new R07 root assigned.
tests/bws-external-runtime-preflight.test.ts	33537	9bfd84b9e7b479d4074120ccb599017ad4ecef42351ad31c808a9b1acc63664f	TEST_TYPESCRIPT	R07_PRIMARY	DEEP_TRACED		Owned production/test/authority path traced to symbols and consumers.
tests/bws-final-local-acceptance.test.ts	34450	c2ca8b6bfb9fb49cc387c781844440de074932533cd97acddaa60679281c6b2d	TEST_TYPESCRIPT	R07_PRIMARY	DEEP_TRACED	BWS120-R07-017	Owned production/test/authority path traced to symbols and consumers.
tests/bws-loopback-acceptance-command.test.ts	8289	421613807fea52aaf752ec2aa9cc12274a80be4da1efb68210e4307b4bb5d9b3	TEST_TYPESCRIPT	CROSS_AREA_REFERENCE	INVENTORIED_AND_SCOPED		Classified and conservatively scoped; no new R07 root assigned.
tests/bws-loopback-acceptance.test.ts	21991	a3b3358a40ff8862049e5b9de3f533ffeeee3244fdbd131623056db4f468df7d	TEST_TYPESCRIPT	CROSS_AREA_REFERENCE	INVENTORIED_AND_SCOPED		Classified and conservatively scoped; no new R07 root assigned.
tests/bws-observability.test.ts	13166	b1f86186bd8cc389a620c6ef53b60b83e2b8c3ef3dd7e0dc635ca6e9f5fda6c5	TEST_TYPESCRIPT	R07_PRIMARY	DEEP_TRACED	BWS120-R07-002,BWS120-R07-006	Owned production/test/authority path traced to symbols and consumers.
tests/bws-operator-cockpit.test.ts	36184	90132182405afdc86f21282c96d3f8ee6a9caf7c09460ee2614d1766c5a65fc4	TEST_TYPESCRIPT	CROSS_AREA_REFERENCE	INVENTORIED_AND_SCOPED		Classified and conservatively scoped; no new R07 root assigned.
tests/bws-operator-lifecycle.test.ts	30069	ff44f4a8b802187d11c4b9eb4d84cfc15570107a9080c27cfd0f48123a74a9e6	TEST_TYPESCRIPT	CROSS_AREA_REFERENCE	INVENTORIED_AND_SCOPED		Classified and conservatively scoped; no new R07 root assigned.
tests/bws-paper-runtime-evidence.test.ts	56224	64b1c04c9d626dedf3059393e095c4a4e8c5cf4399ccb3deb88d60d433d51439	TEST_TYPESCRIPT	R07_PRIMARY	DEEP_TRACED	BWS120-R07-009	Owned production/test/authority path traced to symbols and consumers.
tests/bws-paper-runtime-handoff.test.ts	17991	6dd1a6b648fcd814835da7f5c58bbfc2a57e70fba743c49e03daaea214750ab2	TEST_TYPESCRIPT	CROSS_AREA_REFERENCE	INVENTORIED_AND_SCOPED		Classified and conservatively scoped; no new R07 root assigned.
tests/bws-private-paper-scheduler-service.test.ts	19031	63c1067cb56985ebc2eb41392dae471d3885e4c58d4e91a3ad643991f348d96a	TEST_TYPESCRIPT	CROSS_AREA_REFERENCE	INVENTORIED_AND_SCOPED		Classified and conservatively scoped; no new R07 root assigned.
tests/bws-private-paper-scheduler.test.ts	38191	cd66d8b65bc9352e188ff3fcd0cf650bed865ffd59e37eb0a810cb6f25725f55	TEST_TYPESCRIPT	CROSS_AREA_REFERENCE	INVENTORIED_AND_SCOPED		Classified and conservatively scoped; no new R07 root assigned.
tests/bws-private-paper-worker-service.test.ts	19421	1a25191b979481a30d998bda9d5f2b3f8579114d72d80ee26464f09a65284175	TEST_TYPESCRIPT	CROSS_AREA_REFERENCE	INVENTORIED_AND_SCOPED		Classified and conservatively scoped; no new R07 root assigned.
tests/bws-read-only-query-api.test.ts	68565	25c1c19ab90a1ecd8c99aeb1b24acfa3d29d3c4c9b3f26dd6720d20b4b5a6871	TEST_TYPESCRIPT	CROSS_AREA_REFERENCE	INVENTORIED_AND_SCOPED		Classified and conservatively scoped; no new R07 root assigned.
tests/bws-release-packaging.test.ts	42588	3462fc7e28e82057b26cf805ee7b868e1863ca2cf6b24a1e45593c4ebc8abae2	TEST_TYPESCRIPT	CROSS_AREA_REFERENCE	INVENTORIED_AND_SCOPED		Classified and conservatively scoped; no new R07 root assigned.
tests/bws-release-upgrade.test.ts	35921	87838040f891b46b10e329808c71e0f8c120ef3d3dfd29afa7283c6c371a7227	TEST_TYPESCRIPT	CROSS_AREA_REFERENCE	INVENTORIED_AND_SCOPED		Classified and conservatively scoped; no new R07 root assigned.
tests/bws-runtime-applications.test.ts	32224	f4f7e24c582054808d8eb92b0217162956942ce50b63d9705e4ccc18d7360599	TEST_TYPESCRIPT	CROSS_AREA_REFERENCE	INVENTORIED_AND_SCOPED		Classified and conservatively scoped; no new R07 root assigned.
tests/bws-service-runtime.test.ts	18326	6d6e726a0a688c6d673457287173d07a5359caf9ce4c09dde73b2dcb938d63cc	TEST_TYPESCRIPT	CROSS_AREA_REFERENCE	INVENTORIED_AND_SCOPED		Classified and conservatively scoped; no new R07 root assigned.
tests/bws-soak-campaign.test.ts	62431	d0d027bfe0dd0ef866c175c59dfe71cfbc5c1f8707097ac7790298ea96aefe0e	TEST_TYPESCRIPT	CROSS_AREA_REFERENCE	INVENTORIED_AND_SCOPED		Classified and conservatively scoped; no new R07 root assigned.
tests/bws-upstream-api-convergence.test.ts	46454	3852ccb8defc6625a76297c0e3f7e4786e3d86009e9e045d8f88ea24ebe7318b	TEST_TYPESCRIPT	CROSS_AREA_REFERENCE	INVENTORIED_AND_SCOPED		Classified and conservatively scoped; no new R07 root assigned.
tests/bws-upstream-convergence-service.test.ts	23817	8b2e580ae218fa3f55945783439d6339689072ae906e7d1bf4bcb91cb9356f0c	TEST_TYPESCRIPT	CROSS_AREA_REFERENCE	INVENTORIED_AND_SCOPED		Classified and conservatively scoped; no new R07 root assigned.
tests/bws-upstream-export-convergence.test.ts	32052	436b4008ef7349bc9a2b3c2619b550e91e22e8cef38e88e15067d8bcc56c0b6c	TEST_TYPESCRIPT	CROSS_AREA_REFERENCE	INVENTORIED_AND_SCOPED		Classified and conservatively scoped; no new R07 root assigned.
tests/complete-set.test.ts	9011	0c82fd01c33b8c3bff9e44e6127c43ce9166d3771aef101261243f6b318f6cd6	TEST_TYPESCRIPT	CROSS_AREA_REFERENCE	INVENTORIED_AND_SCOPED		Classified and conservatively scoped; no new R07 root assigned.
tests/contract-boundary.test.ts	4033	9bb4c7fc9892b21e053c5e0b64c144fa55491c958fc700b5e231f69c3baf3d68	TEST_TYPESCRIPT	CROSS_AREA_REFERENCE	INVENTORIED_AND_SCOPED		Classified and conservatively scoped; no new R07 root assigned.
tests/documentation-slimming-contract.test.ts	2949	6be71311c0dfbd4ff6d6a1cf20f0cfd3156f837d7fca464d3a44492dfca0fa54	TEST_TYPESCRIPT	CROSS_AREA_REFERENCE	INVENTORIED_AND_SCOPED		Classified and conservatively scoped; no new R07 root assigned.
tests/equivalence-precheck.test.ts	4598	772ce00512c4c084ef45baee1aa790ea3b8f3b412f9c0547081ca33ae5b3f917	TEST_TYPESCRIPT	CROSS_AREA_REFERENCE	INVENTORIED_AND_SCOPED		Classified and conservatively scoped; no new R07 root assigned.
tests/fee-cost-model.test.ts	1201	7b059ad43b079a248e04c3c5bbeec223e53cb6a2a79ebf20f05ab6a450816ea1	TEST_TYPESCRIPT	CROSS_AREA_REFERENCE	INVENTORIED_AND_SCOPED		Classified and conservatively scoped; no new R07 root assigned.
tests/fixtures/b1-local-contract/valid-b1-multi-venue-markets.json	4473	df0b5190ca30be3c921c4b37869752feb138faa98565b0a9e333ec7e62da63d7	JSON_DATA_OR_CONFIG	CROSS_AREA_REFERENCE	INVENTORIED_AND_SCOPED		Classified and conservatively scoped; no new R07 root assigned.
tests/fixtures/betting-win-exports/.gitkeep	0	e3b0c44298fc1c149afbf4c8996fb92427ae41e4649b934ca495991b7852b855	OTHER	CROSS_AREA_REFERENCE	INVENTORIED_AND_SCOPED		Classified and conservatively scoped; no new R07 root assigned.
tests/fixtures/complete-set/.gitkeep	0	e3b0c44298fc1c149afbf4c8996fb92427ae41e4649b934ca495991b7852b855	OTHER	CROSS_AREA_REFERENCE	INVENTORIED_AND_SCOPED		Classified and conservatively scoped; no new R07 root assigned.
tests/fixtures/local-only-export-bundles/invalid-export-metadata.json	389	ccbc11095e66ad09ad551dea7726192de4ea070055665ad8d45780ddd84c4a25	JSON_DATA_OR_CONFIG	CROSS_AREA_REFERENCE	INVENTORIED_AND_SCOPED		Classified and conservatively scoped; no new R07 root assigned.
tests/fixtures/local-only-export-bundles/malformed-json.json	113	e898d0566048c8296e4b2ccb36c1491fc305d5a5b233188af44606f267f9425a	JSON_DATA_OR_CONFIG	CROSS_AREA_REFERENCE	INVENTORIED_AND_SCOPED		Classified and conservatively scoped; no new R07 root assigned.
tests/fixtures/local-only-export-bundles/solver-ready-resource-export.json	2132	dc9c87538bef4f3bdea902d0a35351894f9a56d6dbf0764e2544efe22fc08cda	JSON_DATA_OR_CONFIG	CROSS_AREA_REFERENCE	INVENTORIED_AND_SCOPED		Classified and conservatively scoped; no new R07 root assigned.
tests/fixtures/local-only-export-bundles/valid-resource-export.json	405	7bf48c2a6461f28e75a80c7cb8d3057715fb7ffea3dc00e50705b814c6bee16d	JSON_DATA_OR_CONFIG	CROSS_AREA_REFERENCE	INVENTORIED_AND_SCOPED		Classified and conservatively scoped; no new R07 root assigned.
tests/fixtures/local-only-export-bundles/valid-resource-records-export.json	1680	6abb1a89f9121633a61e86c3063173da51608728c8307ad312281b1a432adf13	JSON_DATA_OR_CONFIG	CROSS_AREA_REFERENCE	INVENTORIED_AND_SCOPED		Classified and conservatively scoped; no new R07 root assigned.
tests/fixtures/pinned-interface-placeholder/.gitkeep	1	01ba4719c80b6fe911b091a7c05124b64eeece964e09c058ef8f9805daca546b	OTHER	CROSS_AREA_REFERENCE	INVENTORIED_AND_SCOPED		Classified and conservatively scoped; no new R07 root assigned.
tests/fixtures/pinned-interface-placeholder/local-placeholder.json	468	f6c73f1bf9f83b878d11d87db559491826681314b958a177dff3a0edbab2178e	JSON_DATA_OR_CONFIG	CROSS_AREA_REFERENCE	INVENTORIED_AND_SCOPED		Classified and conservatively scoped; no new R07 root assigned.
tests/fixtures/private-paper-mode-smoke/accepted-local-bundle.json	2369	623ccae2fd5ab78124445d1d3eaceddd829c161472bbfd0ab4e8297739941be4	JSON_DATA_OR_CONFIG	CROSS_AREA_REFERENCE	INVENTORIED_AND_SCOPED		Classified and conservatively scoped; no new R07 root assigned.
tests/fixtures/private-paper-mode-smoke/blocked-insufficient-capacity-bundle.json	2383	2d27e001c87fee4e8b7390737105bf9924de56bd903320b8b9c47acb1a2607e3	JSON_DATA_OR_CONFIG	CROSS_AREA_REFERENCE	INVENTORIED_AND_SCOPED		Classified and conservatively scoped; no new R07 root assigned.
tests/fixtures/private-paper-mode-smoke/blocked-missing-settlement-bundle.json	1908	8c0244387d55e451ab705a42962c6afb34696c837bd9418b7d3344ea1302805b	JSON_DATA_OR_CONFIG	CROSS_AREA_REFERENCE	INVENTORIED_AND_SCOPED		Classified and conservatively scoped; no new R07 root assigned.
tests/fixtures/private-paper-mode-smoke/blocked-mixed-currency-bundle.json	2376	168a726c60d44e58756c8f973212cd35cb2e10fbdea5f718410c0a305b8e90d9	JSON_DATA_OR_CONFIG	CROSS_AREA_REFERENCE	INVENTORIED_AND_SCOPED		Classified and conservatively scoped; no new R07 root assigned.
tests/fixtures/private-paper-mode-smoke/blocked-stale-quotes-bundle.json	2375	84258f8369c3364ed0b0543a5c91b4515b904fa466f0c57c17e25c54b87a55e7	JSON_DATA_OR_CONFIG	CROSS_AREA_REFERENCE	INVENTORIED_AND_SCOPED		Classified and conservatively scoped; no new R07 root assigned.
tests/fixtures/private-paper-mode-smoke/multi-candidate-bundle.json	4203	2b947fd401a9530e97da532ddf9032b103dbeadd5c9fccb426252c5e4aa6b2e0	JSON_DATA_OR_CONFIG	CROSS_AREA_REFERENCE	INVENTORIED_AND_SCOPED		Classified and conservatively scoped; no new R07 root assigned.
tests/fixtures/settlement/.gitkeep	0	e3b0c44298fc1c149afbf4c8996fb92427ae41e4649b934ca495991b7852b855	OTHER	CROSS_AREA_REFERENCE	INVENTORIED_AND_SCOPED		Classified and conservatively scoped; no new R07 root assigned.
tests/full-implementation-program-contract.test.ts	2838	b1ac372379a7a62ed00e4add11f1886442c9ea979d1d80c14dbbda1809325381	TEST_TYPESCRIPT	CROSS_AREA_REFERENCE	INVENTORIED_AND_SCOPED		Classified and conservatively scoped; no new R07 root assigned.
tests/helpers.ts	531	61272ed2401e06e26cfd6bf2e63bba0dd8a4dc787652b8d28febcab3044831c1	TEST_TYPESCRIPT	CROSS_AREA_REFERENCE	INVENTORIED_AND_SCOPED		Classified and conservatively scoped; no new R07 root assigned.
tests/leg-completion.test.ts	8155	f3e273e97b4388f9aa45e6cb4197874f90aafdedceebea4892a2293abeadce24	TEST_TYPESCRIPT	CROSS_AREA_REFERENCE	INVENTORIED_AND_SCOPED		Classified and conservatively scoped; no new R07 root assigned.
tests/local-engine-backlog-contract.test.ts	991	ab965a4fcc617376c0b3a3908a28b18f318071a7f8c3e03d05ad52be2ae9b215	TEST_TYPESCRIPT	CROSS_AREA_REFERENCE	INVENTORIED_AND_SCOPED		Classified and conservatively scoped; no new R07 root assigned.
tests/local-paper-batch-report.test.ts	32761	541c1ebdaf0bcdfe5b8ed183e238310da800d69e23269741a536f48cb6e4a473	TEST_TYPESCRIPT	CROSS_AREA_REFERENCE	INVENTORIED_AND_SCOPED		Classified and conservatively scoped; no new R07 root assigned.
tests/local-paper-report.test.ts	21055	074197aad6eb558af4669e860671fc9e05a822006fbe7233b02b25194738c420	TEST_TYPESCRIPT	CROSS_AREA_REFERENCE	INVENTORIED_AND_SCOPED		Classified and conservatively scoped; no new R07 root assigned.
tests/market-group-key.test.ts	2078	4cdf482f7784147722d404e6992b468153d300c475b281b3abef78d7ab382a6e	TEST_TYPESCRIPT	CROSS_AREA_REFERENCE	INVENTORIED_AND_SCOPED		Classified and conservatively scoped; no new R07 root assigned.
tests/non-atomic-completion.test.ts	19280	cdb51954537be75c9ac5f51ce480f5e55d525c693e4a89ba91de126070fab359	TEST_TYPESCRIPT	CROSS_AREA_REFERENCE	INVENTORIED_AND_SCOPED		Classified and conservatively scoped; no new R07 root assigned.
tests/opportunity-derivation.test.ts	6126	aebbaf5a6c263b3e47f0651a4c20b2910ff67d30226e85b0cf9fd78aead10904	TEST_TYPESCRIPT	CROSS_AREA_REFERENCE	INVENTORIED_AND_SCOPED		Classified and conservatively scoped; no new R07 root assigned.
tests/packaging-helpers.test.ts	107548	4894c3d8553b389336f09710febe76f0ee6cb93caddb073894d49182ab49b21c	TEST_TYPESCRIPT	CROSS_AREA_REFERENCE	INVENTORIED_AND_SCOPED		Classified and conservatively scoped; no new R07 root assigned.
tests/paper-autopilot-contract.test.ts	6037	02e200a28c8fe0074457eb0e1b390678af6c7663d6df10a94a2cfcf8a035649f	TEST_TYPESCRIPT	R07_PRIMARY	DEEP_TRACED		Owned production/test/authority path traced to symbols and consumers.
tests/paper-evaluation-shell-hardening.test.ts	6154	6b03fdf9113eacc56dca315fbaad152b80040c416858c55da5cc29e9b8b1bff9	TEST_TYPESCRIPT	CROSS_AREA_REFERENCE	INVENTORIED_AND_SCOPED		Classified and conservatively scoped; no new R07 root assigned.
tests/private-paper-mode-backlog-contract.test.ts	1768	4bcadffcf72e5fd717343fb546a6d5f73b4e0113ca28ccdd861d46085dd5aba1	TEST_TYPESCRIPT	CROSS_AREA_REFERENCE	INVENTORIED_AND_SCOPED		Classified and conservatively scoped; no new R07 root assigned.
tests/private-paper-report-artifact-contract.test.ts	21361	0b8423ce1578d3d5c63439e04b5378a11e60f75cf8ac1acfcc46cb15d75722c1	TEST_TYPESCRIPT	CROSS_AREA_REFERENCE	INVENTORIED_AND_SCOPED		Classified and conservatively scoped; no new R07 root assigned.
tests/private-paper-runtime.test.ts	35621	93edf430d20eb63a5e60cd743f5a7fcc4964b31940a4164b3810849b9be5662d	TEST_TYPESCRIPT	CROSS_AREA_REFERENCE	INVENTORIED_AND_SCOPED		Classified and conservatively scoped; no new R07 root assigned.
tests/quote-capacity.test.ts	5971	a6a976fac27844aacdc5a8a3771e9599374de219b3405d4c5d73178e25f312c4	TEST_TYPESCRIPT	CROSS_AREA_REFERENCE	INVENTORIED_AND_SCOPED		Classified and conservatively scoped; no new R07 root assigned.
tests/remaining-operator-runtime-program-contract.test.ts	2302	f2448a113f0f7dac4b0bdc3c4b3d7697470fcd26e46089ee57b86df83186a3c3	TEST_TYPESCRIPT	CROSS_AREA_REFERENCE	INVENTORIED_AND_SCOPED		Classified and conservatively scoped; no new R07 root assigned.
tests/residual-exposure.test.ts	16462	b59d3ae4e33568ea8f9df6a8ded9170fad00b9efaa43d47e77d019531bf71633	TEST_TYPESCRIPT	CROSS_AREA_REFERENCE	INVENTORIED_AND_SCOPED		Classified and conservatively scoped; no new R07 root assigned.
tests/root-cli-contract.test.ts	2188	ea27b911d7604230556c2347891f78ba567115b098bf5bfdc753674f0e334586	TEST_TYPESCRIPT	CROSS_AREA_REFERENCE	INVENTORIED_AND_SCOPED		Classified and conservatively scoped; no new R07 root assigned.
tests/root-wrapper-runtime.test.ts	19015	f216fabdae694a4848855786d665f2ac05e627648d7332d0b1e37c45dc9d22c3	TEST_TYPESCRIPT	CROSS_AREA_REFERENCE	INVENTORIED_AND_SCOPED		Classified and conservatively scoped; no new R07 root assigned.
tests/rounding.test.ts	992	6e6eb5ca92a4b86fbf559ad16991983dde682d7a5637ce1da80bb6928b973f25	TEST_TYPESCRIPT	CROSS_AREA_REFERENCE	INVENTORIED_AND_SCOPED		Classified and conservatively scoped; no new R07 root assigned.
tests/run-script-hardening-wave2.test.ts	13469	ba201959657c3c148d27c120870794c4d1faa7da119b4f644ac55f7d12d71d39	TEST_TYPESCRIPT	CROSS_AREA_REFERENCE	INVENTORIED_AND_SCOPED		Classified and conservatively scoped; no new R07 root assigned.
tests/run-script-hardening-wave4.test.ts	10704	fca7748498e0f937729bb5af13aa17c0159dfaad5794bb0ef04be521979af8a1	TEST_TYPESCRIPT	CROSS_AREA_REFERENCE	INVENTORIED_AND_SCOPED		Classified and conservatively scoped; no new R07 root assigned.
tests/run-script-hardening-wave5.test.ts	6641	54ae1ec93a46756f70d0f83f388460b43fe0ddb60a6890f99ba1d044d64a0e22	TEST_TYPESCRIPT	CROSS_AREA_REFERENCE	INVENTORIED_AND_SCOPED		Classified and conservatively scoped; no new R07 root assigned.
tests/run-script-hardening-wave7.test.ts	9841	fffaad8d8d80cad51d46d28014dedbaad4898f6909a2800b0d57de325c94d0d2	TEST_TYPESCRIPT	CROSS_AREA_REFERENCE	INVENTORIED_AND_SCOPED		Classified and conservatively scoped; no new R07 root assigned.
tests/run-script-hardening-wave8.test.ts	13842	7f6eb358061ba81cebff5d49f35423d20856b965e2939e8f42333269804e7059	TEST_TYPESCRIPT	CROSS_AREA_REFERENCE	INVENTORIED_AND_SCOPED		Classified and conservatively scoped; no new R07 root assigned.
tests/run-script-hardening-wave9.test.ts	20092	1f87983738124f52b16b29e650ee764e41af63510d4b177a44a7b8dc4745f9a3	TEST_TYPESCRIPT	CROSS_AREA_REFERENCE	INVENTORIED_AND_SCOPED		Classified and conservatively scoped; no new R07 root assigned.
tests/scenario-cashflow.test.ts	13315	061816893afbef3033ff859773f3e4e4d12b0bcbd12f0ed1963a8b5104659bf3	TEST_TYPESCRIPT	CROSS_AREA_REFERENCE	INVENTORIED_AND_SCOPED		Classified and conservatively scoped; no new R07 root assigned.
tests/settlement-replay.test.ts	37975	e2de2539a7a06a4b114e8b369b763947604dcbfa6142af069bbbf0ea73fdbd3a	TEST_TYPESCRIPT	CROSS_AREA_REFERENCE	INVENTORIED_AND_SCOPED		Classified and conservatively scoped; no new R07 root assigned.
tests/stake-vector.test.ts	25643	992b56274ff3e6dec9af86c24cf35bad31b7c9d0f4616d5345fc04af659eb0ae	TEST_TYPESCRIPT	CROSS_AREA_REFERENCE	INVENTORIED_AND_SCOPED		Classified and conservatively scoped; no new R07 root assigned.
tests/standard-binary-backtest.test.ts	16645	230007af7b5a3df23d38005287ad80096763c9fb83f553f45ff296688c1d7935	TEST_TYPESCRIPT	CROSS_AREA_REFERENCE	INVENTORIED_AND_SCOPED		Classified and conservatively scoped; no new R07 root assigned.
tests/standard-binary-stake-solver.test.ts	5948	b36b431fcc0242f16067e8a14bd8117505a7d2982c42bc963e48a5a5daa2df54	TEST_TYPESCRIPT	CROSS_AREA_REFERENCE	INVENTORIED_AND_SCOPED		Classified and conservatively scoped; no new R07 root assigned.
tests/strategy-ledger.test.ts	11877	d56ee981efc67677ca00473965c84f9821423629b6c58514d128202a6c11a976	TEST_TYPESCRIPT	CROSS_AREA_REFERENCE	INVENTORIED_AND_SCOPED		Classified and conservatively scoped; no new R07 root assigned.
tests/support/betting-win-fixture.ts	3454	ff4221cc1f123d0045a80d7c624e289dc7d562e82fd6867f9d47c9a705253753	TEST_TYPESCRIPT	CROSS_AREA_REFERENCE	INVENTORIED_AND_SCOPED		Classified and conservatively scoped; no new R07 root assigned.
tests/surebet-persistence.test.ts	21716	76ad61f52a0cefd1885dc8413197378cc85e2c041540b3568b9afaed03b11310	TEST_TYPESCRIPT	CROSS_AREA_REFERENCE	INVENTORIED_AND_SCOPED		Classified and conservatively scoped; no new R07 root assigned.
tests/telegram-notify-format.test.ts	6488	65f37c6c5c4f10061b61e8ba9824de9f4c83b8b098551a75fb284cbe300ff11d	TEST_TYPESCRIPT	CROSS_AREA_REFERENCE	INVENTORIED_AND_SCOPED		Classified and conservatively scoped; no new R07 root assigned.
tests/telegram-notify-helper.test.ts	2765	ca8ddf985538361bc9e2491148b81dacc3a8c090d881b8ad5b9b9ea8f4e7ab37	TEST_TYPESCRIPT	CROSS_AREA_REFERENCE	INVENTORIED_AND_SCOPED		Classified and conservatively scoped; no new R07 root assigned.
tests/temp-inode-safety.test.ts	13495	30978f3c982f931dc27418c30558792a7766e688c2ac6fcebe3f2ed4d3d0d133	TEST_TYPESCRIPT	CROSS_AREA_REFERENCE	INVENTORIED_AND_SCOPED		Classified and conservatively scoped; no new R07 root assigned.
tests/temp-inode-watchdog-race.test.ts	9101	28c5f84e8fabaf783b52a5802731c02457818c1223cf798fe7dbdd7409ece40c	TEST_TYPESCRIPT	CROSS_AREA_REFERENCE	INVENTORIED_AND_SCOPED		Classified and conservatively scoped; no new R07 root assigned.
tests/three-repo-surebet-boundary.test.ts	1749	18c580c89469746388b73e33a692f2494ce11d43b021c0bc8f5777c84128559c	TEST_TYPESCRIPT	CROSS_AREA_REFERENCE	INVENTORIED_AND_SCOPED		Classified and conservatively scoped; no new R07 root assigned.
tests/validate-artifact-hygiene.test.ts	7396	2d6aa6b1cfb11b5a6fc63f3966881f9b7a28efa0bef99dbdd330b6773614f285	TEST_TYPESCRIPT	CROSS_AREA_REFERENCE	INVENTORIED_AND_SCOPED		Classified and conservatively scoped; no new R07 root assigned.
tests/validate-fixture-integrity.test.ts	2453	35364ca01695419750c3558aeff96ed24b59931bd542bd7497de572d6f9b46c1	TEST_TYPESCRIPT	CROSS_AREA_REFERENCE	INVENTORIED_AND_SCOPED		Classified and conservatively scoped; no new R07 root assigned.
tests/validate-repo-contract.test.ts	2629	d3e30d8567c19acf7f261da86552411edd45497de583bd6505e1b094e05fe29f	TEST_TYPESCRIPT	CROSS_AREA_REFERENCE	INVENTORIED_AND_SCOPED		Classified and conservatively scoped; no new R07 root assigned.
tests/validate-shell-local-assignments.test.ts	1794	e5c30af8a4618c3cfa074b695974def0071d269b87c7b166a81c01f49d75053c	TEST_TYPESCRIPT	CROSS_AREA_REFERENCE	INVENTORIED_AND_SCOPED		Classified and conservatively scoped; no new R07 root assigned.
tests/validate-source-manifest.test.ts	19830	194c8fe6f8f0226b3245af7d5f28e23c2b1c886b5658f30167823b0c74f3ab40	TEST_TYPESCRIPT	CROSS_AREA_REFERENCE	INVENTORIED_AND_SCOPED		Classified and conservatively scoped; no new R07 root assigned.
tests/validation-matrix-contract.test.ts	997	0ea65f5830c56d26ad7d8f37aaa0c19f467a24de15b1f717b04eac5f94e5b08e	TEST_TYPESCRIPT	CROSS_AREA_REFERENCE	INVENTORIED_AND_SCOPED		Classified and conservatively scoped; no new R07 root assigned.
tests/workspace-migration-compat.test.ts	6333	32e8bbbc3ef077feb45d12e19e93b7512e919bc60a27b4106d10ce17dbb2f5f9	TEST_TYPESCRIPT	CROSS_AREA_REFERENCE	INVENTORIED_AND_SCOPED		Classified and conservatively scoped; no new R07 root assigned.
tools/required_executable_paths.js	866	ea07de4b9d11fdbd155f3076712c7d747bc84f17c15085d24addd1fb18cd2518	OTHER	INVENTORIED_NOT_OWNED	INVENTORIED_ONLY		Archive member hashed and accounted for; outside R07 substantive ownership.
tsconfig.json	547	74d9974568c23ab3d5c86f7a6783d39e6a5456c34581fdd44de8a2653bfda979	JSON_DATA_OR_CONFIG	R07_MATERIAL_CALLER	TRACED_FOR_HANDOFF		Material caller or shared contract traced to establish R07 behavior or handoff.
update_git.sh	12014	afdd43955e7513016f5e53770faf9523df7ae9827608931ed81d168519dce3fe	SHELL_SCRIPT	INVENTORIED_NOT_OWNED	INVENTORIED_ONLY		Archive member hashed and accounted for; outside R07 substantive ownership.
watch_progress.sh	1589	dddaf227440e6b848f7a33d2b92aebc06ad729b35f8f87cb95a51750676144e8	SHELL_SCRIPT	R07_PRIMARY	DEEP_TRACED	BWS120-R07-019	Owned production/test/authority path traced to symbols and consumers.
zip_codebase.sh	11555	7c9090876b6c558709f6e03a979144f07f501306109ffcc7e6cf95fafc5100a9	SHELL_SCRIPT	INVENTORIED_NOT_OWNED	INVENTORIED_ONLY		Archive member hashed and accounted for; outside R07 substantive ownership.
