finding_id	title	severity	primary_review_owner	owning_tranche	tranche_number	stage	campaign_order	relevant_source_paths	test_requirement_ids	required_test_classes	required_proof_environments	production_entrypoint_required	blocks_BWS_600	blocks_BWS_710	blocks_release	blocks_deployment	external_pending_status
BWS121-R10-010	The source-handoff archive includes nested environment, secret, key, and runtime-state files	P0	R10	BWS-W4-T39	39	S1	1	pull_artifacts_and_zip_codebase.sh|scripts/create-source-handoff-archive.sh|update_git.sh|zip_codebase.sh	BWS121-R10-REQ-039|BWS121-R10-REQ-040|BWS121-R10-REQ-041|BWS121-R10-REQ-042|BWS121-R10-REQ-043	persistence_or_migration|security_or_confinement|unit_or_contract	AS_SPECIFIED_BY_REVIEW	true	false	false	true	true	false
BWS121-R10-011	update_git.sh secret-path guard misses nested environment and credential directories before push	P0	R10	BWS-W4-T39	39	S1	1	pull_artifacts_and_zip_codebase.sh|scripts/create-source-handoff-archive.sh|update_git.sh|zip_codebase.sh	BWS121-R10-REQ-044|BWS121-R10-REQ-045|BWS121-R10-REQ-046|BWS121-R10-REQ-047	security_or_confinement|unit_or_contract	AS_SPECIFIED_BY_REVIEW	true	false	false	true	true	false
BWS121-R10-012	update_git.sh permanently removes all repository-local HTTP extraheader configuration	P2	R10	BWS-W4-T39	39	S1	1	pull_artifacts_and_zip_codebase.sh|scripts/create-source-handoff-archive.sh|update_git.sh|zip_codebase.sh	BWS121-R10-REQ-048|BWS121-R10-REQ-049|BWS121-R10-REQ-050|BWS121-R10-REQ-051	unit_or_contract	AS_SPECIFIED_BY_REVIEW	true	false	false	false	true	false
BWS121-R10-013	Artifact download accepts first-seen SSH host keys while sending a reusable password	P0	R10	BWS-W4-T39	39	S1	1	pull_artifacts_and_zip_codebase.sh|scripts/create-source-handoff-archive.sh|update_git.sh|zip_codebase.sh	BWS121-R10-REQ-052|BWS121-R10-REQ-053|BWS121-R10-REQ-054|BWS121-R10-REQ-055	security_or_confinement|unit_or_contract	AS_SPECIFIED_BY_REVIEW	true	false	false	true	true	false
BWS121-R10-001	Managed runtime children inherit the entire ambient process environment instead of a bounded effective configuration	P1	R10	BWS-W4-T37	37	S1	2	packages/bootstrap/src/operations/database-lifecycle.ts|packages/bootstrap/src/operations/operator-lifecycle.ts|packages/persistence/src/psql.ts|scripts/bws-root-wrapper-runtime.mjs|scripts/validate_bws_loopback_acceptance.mjs	BWS121-R10-REQ-001|BWS121-R10-REQ-002|BWS121-R10-REQ-003|BWS121-R10-REQ-004	security_or_confinement	AS_SPECIFIED_BY_REVIEW	true	true	true	true	true	false
BWS121-R10-002	The root runtime wrapper assembles one PostgreSQL tuple from mixed process and .env sources	P1	R10	BWS-W4-T37	37	S1	2	packages/bootstrap/src/operations/database-lifecycle.ts|packages/bootstrap/src/operations/operator-lifecycle.ts|packages/persistence/src/psql.ts|scripts/bws-root-wrapper-runtime.mjs|scripts/validate_bws_loopback_acceptance.mjs	BWS121-R10-REQ-005|BWS121-R10-REQ-006|BWS121-R10-REQ-007|BWS121-R10-REQ-008	assurance_or_build|unit_or_contract	AS_SPECIFIED_BY_REVIEW	true	true	true	true	true	false
BWS121-R10-003	Explicit blank runtime values are converted to absence and silently replaced by file values or defaults	P1	R10	BWS-W4-T37	37	S1	2	packages/bootstrap/src/operations/database-lifecycle.ts|packages/bootstrap/src/operations/operator-lifecycle.ts|packages/persistence/src/psql.ts|scripts/bws-root-wrapper-runtime.mjs|scripts/validate_bws_loopback_acceptance.mjs	BWS121-R10-REQ-009|BWS121-R10-REQ-010|BWS121-R10-REQ-011|BWS121-R10-REQ-012	unit_or_contract	AS_SPECIFIED_BY_REVIEW	true	true	true	true	true	false
BWS121-R10-008	PostgreSQL subprocesses inherit ambient libpq control variables	P1	R10	BWS-W4-T37	37	S1	2	packages/bootstrap/src/operations/database-lifecycle.ts|packages/bootstrap/src/operations/operator-lifecycle.ts|packages/persistence/src/psql.ts|scripts/bws-root-wrapper-runtime.mjs|scripts/validate_bws_loopback_acceptance.mjs	BWS121-R10-REQ-030|BWS121-R10-REQ-031|BWS121-R10-REQ-032|BWS121-R10-REQ-033	assurance_or_build|persistence_or_migration|security_or_confinement|unit_or_contract	AS_SPECIFIED_BY_REVIEW	true	true	true	true	true	false
BWS121-R10-004	Runtime status probes trust a mutable state-selected base URL without destination confinement	P1	R10	BWS-W4-T38	38	S1	3	cli.js|open_log.sh|package.json|packages/bootstrap/src/cli/bws-database-lifecycle.ts|packages/bootstrap/src/cli/bws-external-runtime-preflight.ts|packages/bootstrap/src/cli/bws-final-local-acceptance.ts|packages/bootstrap/src/cli/bws-release-packaging.ts|packages/bootstrap/src/cli/bws-release-upgrade.ts|packages/bootstrap/src/cli/bws-soak-campaign.ts|scripts/bws-root-wrapper-runtime.mjs	BWS121-R10-REQ-013|BWS121-R10-REQ-014|BWS121-R10-REQ-015|BWS121-R10-REQ-016|BWS121-R10-REQ-017	restart_or_recovery|unit_or_contract	AS_SPECIFIED_BY_REVIEW	true	true	false	true	true	false
BWS121-R10-005	The exported package CLI treats the caller current directory as repository authority and executes its build	P0	R10	BWS-W4-T38	38	S1	3	cli.js|open_log.sh|package.json|packages/bootstrap/src/cli/bws-database-lifecycle.ts|packages/bootstrap/src/cli/bws-external-runtime-preflight.ts|packages/bootstrap/src/cli/bws-final-local-acceptance.ts|packages/bootstrap/src/cli/bws-release-packaging.ts|packages/bootstrap/src/cli/bws-release-upgrade.ts|packages/bootstrap/src/cli/bws-soak-campaign.ts|scripts/bws-root-wrapper-runtime.mjs	BWS121-R10-REQ-018|BWS121-R10-REQ-019|BWS121-R10-REQ-020|BWS121-R10-REQ-021	assurance_or_build|security_or_confinement|unit_or_contract	AS_SPECIFIED_BY_REVIEW	true	false	false	true	true	false
BWS121-R10-006	Safety-critical CLIs silently accept unknown flags and overwrite duplicate flags	P1	R10	BWS-W4-T38	38	S1	3	cli.js|open_log.sh|package.json|packages/bootstrap/src/cli/bws-database-lifecycle.ts|packages/bootstrap/src/cli/bws-external-runtime-preflight.ts|packages/bootstrap/src/cli/bws-final-local-acceptance.ts|packages/bootstrap/src/cli/bws-release-packaging.ts|packages/bootstrap/src/cli/bws-release-upgrade.ts|packages/bootstrap/src/cli/bws-soak-campaign.ts|scripts/bws-root-wrapper-runtime.mjs	BWS121-R10-REQ-022|BWS121-R10-REQ-023|BWS121-R10-REQ-024|BWS121-R10-REQ-025	persistence_or_migration|unit_or_contract	AS_SPECIFIED_BY_REVIEW	true	true	false	true	true	false
BWS121-R10-007	Final local acceptance requires the PostgreSQL password in process arguments	P0	R10	BWS-W4-T38	38	S1	3	cli.js|open_log.sh|package.json|packages/bootstrap/src/cli/bws-database-lifecycle.ts|packages/bootstrap/src/cli/bws-external-runtime-preflight.ts|packages/bootstrap/src/cli/bws-final-local-acceptance.ts|packages/bootstrap/src/cli/bws-release-packaging.ts|packages/bootstrap/src/cli/bws-release-upgrade.ts|packages/bootstrap/src/cli/bws-soak-campaign.ts|scripts/bws-root-wrapper-runtime.mjs	BWS121-R10-REQ-026|BWS121-R10-REQ-027|BWS121-R10-REQ-028|BWS121-R10-REQ-029	concurrency_or_ownership|persistence_or_migration|security_or_confinement	AS_SPECIFIED_BY_REVIEW	true	true	false	true	true	false
BWS121-R10-009	open_log.sh accepts arbitrary out-of-repository run directories and follows selected files	P1	R10	BWS-W4-T38	38	S1	3	cli.js|open_log.sh|package.json|packages/bootstrap/src/cli/bws-database-lifecycle.ts|packages/bootstrap/src/cli/bws-external-runtime-preflight.ts|packages/bootstrap/src/cli/bws-final-local-acceptance.ts|packages/bootstrap/src/cli/bws-release-packaging.ts|packages/bootstrap/src/cli/bws-release-upgrade.ts|packages/bootstrap/src/cli/bws-soak-campaign.ts|scripts/bws-root-wrapper-runtime.mjs	BWS121-R10-REQ-034|BWS121-R10-REQ-035|BWS121-R10-REQ-036|BWS121-R10-REQ-037|BWS121-R10-REQ-038	controller_or_artifact|security_or_confinement|unit_or_contract	AS_SPECIFIED_BY_REVIEW	true	true	false	true	true	false
BWS120-R07-001	Configurable structured-log paths escape the repository and can rotate or append to out-of-bound files	P0	R07	BWS-W3-T26	26	S1	4	packages/bootstrap/src/operations/observability.ts|tests/bws-observability.test.ts	BWS120-R07-001-TEST-01|BWS120-R07-001-TEST-02|BWS120-R07-001-TEST-03|BWS120-R07-001-TEST-04|BWS120-R07-001-TEST-05	api_or_projection|security_or_confinement|unit_or_integration	NODE20_OR_LANGUAGE_NEUTRAL_OFFLINE_OR_CONTROLLED_INTEGRATION	true	true	false	true	true	false
BWS120-R07-002	Structured-log redaction misses Authorization, Cookie, API-key, header, and value-shaped secrets	P0	R07	BWS-W3-T26	26	S1	4	packages/bootstrap/src/operations/observability.ts|tests/bws-observability.test.ts	BWS120-R07-002-TEST-01|BWS120-R07-002-TEST-02|BWS120-R07-002-TEST-03|BWS120-R07-002-TEST-04|BWS120-R07-002-TEST-05|BWS120-R07-002-TEST-06	api_or_projection|security_or_confinement|unit_or_integration	NODE20_OR_LANGUAGE_NEUTRAL_OFFLINE_OR_CONTROLLED_INTEGRATION	true	true	false	true	true	false
BWS116-R03-001	Migration discovery can escape the repository and the SQL scope scanner admits cross-schema executable DDL	P0	R03	BWS-W1-T01	1	S1	5	packages/persistence/src/migrations.ts|packages/persistence/src/psql.ts	BWS116-R03-001-TEST-01|BWS116-R03-001-TEST-02|BWS116-R03-001-TEST-03|BWS116-R03-001-TEST-04|BWS116-R03-001-TEST-05	persistence_or_migration|unit_or_integration	DISPOSABLE_POSTGRESQL_AND_NODE20	false	false	false	true	true	false
BWS116-R03-002	The migration-status read path creates schema objects before reporting status	P1	R03	BWS-W1-T09	9	S1	6	docs/037_database_backup_retention_and_recovery.md|packages/bootstrap/src/operations/database-lifecycle.ts|packages/persistence/src/migrations.ts	BWS116-R03-002-TEST-01|BWS116-R03-002-TEST-02|BWS116-R03-002-TEST-03	persistence_or_migration|unit_or_integration	DISPOSABLE_POSTGRESQL_AND_NODE20	false	false	false	true	true	false
BWS116-R03-003	Unknown applied migration rows are ignored and can be reported as compatible	P1	R03	BWS-W1-T09	9	S1	6	docs/037_database_backup_retention_and_recovery.md|packages/bootstrap/src/operations/database-lifecycle.ts|packages/persistence/src/migrations.ts	BWS116-R03-003-TEST-01|BWS116-R03-003-TEST-02|BWS116-R03-003-TEST-03|BWS116-R03-003-TEST-04	persistence_or_migration|unit_or_integration	DISPOSABLE_POSTGRESQL_AND_NODE20	false	false	false	true	true	false
BWS116-R03-004	Concurrent migration applications are not serialized around ledger observation and insertion	P2	R03	BWS-W1-T09	9	S1	6	docs/037_database_backup_retention_and_recovery.md|packages/bootstrap/src/operations/database-lifecycle.ts|packages/persistence/src/migrations.ts	BWS116-R03-004-TEST-01|BWS116-R03-004-TEST-02|BWS116-R03-004-TEST-03	concurrency_or_fencing|restart_or_recovery|unit_or_integration	DISPOSABLE_POSTGRESQL_AND_NODE20	false	false	false	true	true	false
BWS120-R08-001	Backup overwrite can recursively remove an unrelated pre-existing directory	P0	R08	BWS-W3-T30	30	S1	7	docs/037_database_backup_retention_and_recovery.md|packages/bootstrap/src/cli/bws-database-lifecycle.ts|packages/bootstrap/src/operations/database-lifecycle.ts|packages/persistence/src/psql.ts	BWS120-R08-001-TEST-01|BWS120-R08-001-TEST-02|BWS120-R08-001-TEST-03|BWS120-R08-001-TEST-04	persistence_or_migration|unit_or_integration	NODE20_OR_LANGUAGE_NEUTRAL_OFFLINE_OR_CONTROLLED_INTEGRATION	true	false	false	true	true	false
BWS120-R08-003	Backup manifest metadata and row counts are not captured from the pg_dump snapshot	P1	R08	BWS-W3-T30	30	S1	7	docs/037_database_backup_retention_and_recovery.md|packages/bootstrap/src/cli/bws-database-lifecycle.ts|packages/bootstrap/src/operations/database-lifecycle.ts|packages/persistence/src/psql.ts	BWS120-R08-003-TEST-01|BWS120-R08-003-TEST-02|BWS120-R08-003-TEST-03	concurrency_or_ownership|persistence_or_migration	NODE20_OR_LANGUAGE_NEUTRAL_OFFLINE_OR_CONTROLLED_INTEGRATION	true	false	false	true	true	false
BWS120-R08-004	Backup replacement deletes the previous verified backup before the new publication commits	P1	R08	BWS-W3-T30	30	S1	7	docs/037_database_backup_retention_and_recovery.md|packages/bootstrap/src/cli/bws-database-lifecycle.ts|packages/bootstrap/src/operations/database-lifecycle.ts|packages/persistence/src/psql.ts	BWS120-R08-004-TEST-01|BWS120-R08-004-TEST-02|BWS120-R08-004-TEST-03	security_or_confinement|unit_or_integration	NODE20_OR_LANGUAGE_NEUTRAL_OFFLINE_OR_CONTROLLED_INTEGRATION	true	false	false	true	true	false
BWS120-R08-002	Release-upgrade apply can migrate a different database than the reviewed plan	P0	R08	BWS-W3-T31	31	S1	8	docs/037_database_backup_retention_and_recovery.md|docs/039_release_deployment_and_upgrade_contract.md|docs/043_upgrade_rollback_recovery_implementation_blueprint.md|packages/bootstrap/src/operations/database-lifecycle.ts|packages/bootstrap/src/operations/external-runtime-preflight.ts|packages/bootstrap/src/operations/final-local-acceptance.ts|packages/bootstrap/src/operations/release-upgrade.ts	BWS120-R08-002-TEST-01|BWS120-R08-002-TEST-02|BWS120-R08-002-TEST-03|BWS120-R08-002-TEST-04	cancellation_or_timeout|persistence_or_migration	NODE20_OR_LANGUAGE_NEUTRAL_OFFLINE_OR_CONTROLLED_INTEGRATION	true	false	false	true	true	false
BWS120-R08-005	Migration status reports compatibility without evaluating PostgreSQL server-version compatibility	P1	R08	BWS-W3-T31	31	S1	8	docs/037_database_backup_retention_and_recovery.md|docs/039_release_deployment_and_upgrade_contract.md|docs/043_upgrade_rollback_recovery_implementation_blueprint.md|packages/bootstrap/src/operations/database-lifecycle.ts|packages/bootstrap/src/operations/external-runtime-preflight.ts|packages/bootstrap/src/operations/final-local-acceptance.ts|packages/bootstrap/src/operations/release-upgrade.ts	BWS120-R08-005-TEST-01|BWS120-R08-005-TEST-02|BWS120-R08-005-TEST-03	release_or_deployment|unit_or_integration	NODE20_OR_LANGUAGE_NEUTRAL_OFFLINE_OR_CONTROLLED_INTEGRATION	true	false	false	true	true	false
BWS120-R08-006	Restore verification does not bind manifest semantics to the exact restored database state	P1	R08	BWS-W3-T31	31	S1	8	docs/037_database_backup_retention_and_recovery.md|docs/039_release_deployment_and_upgrade_contract.md|docs/043_upgrade_rollback_recovery_implementation_blueprint.md|packages/bootstrap/src/operations/database-lifecycle.ts|packages/bootstrap/src/operations/external-runtime-preflight.ts|packages/bootstrap/src/operations/final-local-acceptance.ts|packages/bootstrap/src/operations/release-upgrade.ts	BWS120-R08-006-TEST-01|BWS120-R08-006-TEST-02|BWS120-R08-006-TEST-03|BWS120-R08-006-TEST-04	evidence_or_artifact|persistence_or_migration|unit_or_integration	NODE20_OR_LANGUAGE_NEUTRAL_OFFLINE_OR_CONTROLLED_INTEGRATION	true	false	false	true	true	false
BWS120-R08-007	Restore verification hard-codes restart success after two loopback API smoke runs	P1	R08	BWS-W3-T31	31	S1	8	docs/037_database_backup_retention_and_recovery.md|docs/039_release_deployment_and_upgrade_contract.md|docs/043_upgrade_rollback_recovery_implementation_blueprint.md|packages/bootstrap/src/operations/database-lifecycle.ts|packages/bootstrap/src/operations/external-runtime-preflight.ts|packages/bootstrap/src/operations/final-local-acceptance.ts|packages/bootstrap/src/operations/release-upgrade.ts	BWS120-R08-007-TEST-01|BWS120-R08-007-TEST-02|BWS120-R08-007-TEST-03|BWS120-R08-007-TEST-04	persistence_or_migration|restart_or_recovery	NODE20_OR_LANGUAGE_NEUTRAL_OFFLINE_OR_CONTROLLED_INTEGRATION	true	false	false	true	true	false
BWS120-R08-008	Restore verification receipt is not bound to the exact dump bytes it claims to verify	P1	R08	BWS-W3-T31	31	S1	8	docs/037_database_backup_retention_and_recovery.md|docs/039_release_deployment_and_upgrade_contract.md|docs/043_upgrade_rollback_recovery_implementation_blueprint.md|packages/bootstrap/src/operations/database-lifecycle.ts|packages/bootstrap/src/operations/external-runtime-preflight.ts|packages/bootstrap/src/operations/final-local-acceptance.ts|packages/bootstrap/src/operations/release-upgrade.ts	BWS120-R08-008-TEST-01|BWS120-R08-008-TEST-02|BWS120-R08-008-TEST-03|BWS120-R08-008-TEST-04	evidence_or_artifact|persistence_or_migration|unit_or_integration	NODE20_OR_LANGUAGE_NEUTRAL_OFFLINE_OR_CONTROLLED_INTEGRATION	true	false	false	true	true	false
BWS120-R08-009	Interrupted restore verification can leave untracked disposable databases	P2	R08	BWS-W3-T31	31	S1	8	docs/037_database_backup_retention_and_recovery.md|docs/039_release_deployment_and_upgrade_contract.md|docs/043_upgrade_rollback_recovery_implementation_blueprint.md|packages/bootstrap/src/operations/database-lifecycle.ts|packages/bootstrap/src/operations/external-runtime-preflight.ts|packages/bootstrap/src/operations/final-local-acceptance.ts|packages/bootstrap/src/operations/release-upgrade.ts	BWS120-R08-009-TEST-01|BWS120-R08-009-TEST-02|BWS120-R08-009-TEST-03	persistence_or_migration	NODE20_OR_LANGUAGE_NEUTRAL_OFFLINE_OR_CONTROLLED_INTEGRATION	true	false	false	true	true	false
BWS121-R11-001	Source manifest omits 115 current paths and carries eight stale file records	P1	R11	BWS-W4-T40	40	S2	9	.nvmrc|SOURCE_MANIFEST.json|package.json|scripts/load-node-runtime.sh|scripts/validate_node_runtime_loader.py|scripts/validate_source_manifest.py|tests/validate-source-manifest.test.ts	BWS121-R11-REQ-001|BWS121-R11-REQ-002|BWS121-R11-REQ-003|BWS121-R11-REQ-004	assurance_or_build|security_or_confinement	AS_SPECIFIED_BY_REVIEW	true	true	true	true	true	false
BWS121-R11-002	Canonical Node 20.20.2 enforcement accepts any Node 20 minor as NODE_OK	P1	R11	BWS-W4-T40	40	S2	9	.nvmrc|SOURCE_MANIFEST.json|package.json|scripts/load-node-runtime.sh|scripts/validate_node_runtime_loader.py|scripts/validate_source_manifest.py|tests/validate-source-manifest.test.ts	BWS121-R11-REQ-005|BWS121-R11-REQ-006|BWS121-R11-REQ-007|BWS121-R11-REQ-008	controller_or_artifact|security_or_confinement|unit_or_contract	AS_SPECIFIED_BY_REVIEW	true	true	true	true	true	false
BWS121-R12-001	Standalone controllers expose an unrestricted lock-bypass mode for source-affecting runs	P1	R12	BWS-W4-T44	44	S2	10	.automation/lib/run_common.sh|run-autonomous-bugfix.sh|run-autonomous-implementation.sh|run-bugfix-autopilot.sh|run-paper-autopilot.sh|run-paper-evaluation.sh	BWS121-R12-REQ-001|BWS121-R12-REQ-002|BWS121-R12-REQ-003|BWS121-R12-REQ-004|BWS121-R12-TG-001	concurrency_or_ownership|controller_or_artifact|security_or_confinement|unit_or_contract	AS_SPECIFIED_BY_REVIEW	true	true	true	true	true	false
BWS121-R12-002	Standalone heartbeat refresh can overwrite newer active-child ownership metadata	P1	R12	BWS-W4-T44	44	S2	10	.automation/lib/run_common.sh|run-autonomous-bugfix.sh|run-autonomous-implementation.sh|run-bugfix-autopilot.sh|run-paper-autopilot.sh|run-paper-evaluation.sh	BWS121-R12-REQ-005|BWS121-R12-REQ-006|BWS121-R12-REQ-007|BWS121-R12-REQ-008|BWS121-R12-TG-002	controller_or_artifact	AS_SPECIFIED_BY_REVIEW	true	true	true	true	true	false
BWS121-R12-003	Heartbeat loss does not fence or stop the controller that owns the stale lock	P1	R12	BWS-W4-T44	44	S2	10	.automation/lib/run_common.sh|run-autonomous-bugfix.sh|run-autonomous-implementation.sh|run-bugfix-autopilot.sh|run-paper-autopilot.sh|run-paper-evaluation.sh	BWS121-R12-REQ-009|BWS121-R12-REQ-010|BWS121-R12-REQ-011|BWS121-R12-REQ-012|BWS121-R12-TG-003	controller_or_artifact	AS_SPECIFIED_BY_REVIEW	true	true	true	true	true	false
BWS121-R12-004	Standalone stale-lock takeover deletes ownership without verifying the recorded active child is gone	P1	R12	BWS-W4-T44	44	S2	10	.automation/lib/run_common.sh|run-autonomous-bugfix.sh|run-autonomous-implementation.sh|run-bugfix-autopilot.sh|run-paper-autopilot.sh|run-paper-evaluation.sh	BWS121-R12-REQ-013|BWS121-R12-REQ-014|BWS121-R12-REQ-015|BWS121-R12-REQ-016|BWS121-R12-TG-004	controller_or_artifact|restart_or_recovery|unit_or_contract	AS_SPECIFIED_BY_REVIEW	true	true	true	true	true	false
BWS121-R12-005	Autopilot child duration is advisory because the parent waits without an enforcing deadline	P1	R12	BWS-W4-T45	45	S2	11	.automation/lib/controller_hardening_v2.sh|.automation/lib/run_common.sh|run-bugfix-autopilot.sh|run-paper-autopilot.sh	BWS121-R12-REQ-017|BWS121-R12-REQ-018|BWS121-R12-REQ-019|BWS121-R12-REQ-020|BWS121-R12-REQ-021|BWS121-R12-TG-005	cancellation_or_timeout|concurrency_or_ownership|controller_or_artifact|unit_or_contract	AS_SPECIFIED_BY_REVIEW	true	true	true	true	true	false
BWS121-R12-006	Child ownership is cleared when the leader exits even if descendants remain in its process group	P1	R12	BWS-W4-T45	45	S2	11	.automation/lib/controller_hardening_v2.sh|.automation/lib/run_common.sh|run-bugfix-autopilot.sh|run-paper-autopilot.sh	BWS121-R12-REQ-022|BWS121-R12-REQ-023|BWS121-R12-REQ-024|BWS121-R12-REQ-025|BWS121-R12-TG-006	unit_or_contract	AS_SPECIFIED_BY_REVIEW	true	true	true	true	true	false
BWS121-R12-007	Autopilot restart creates a fresh campaign instead of reconciling and resuming durable progress	P1	R12	BWS-W4-T45	45	S2	11	.automation/lib/controller_hardening_v2.sh|.automation/lib/run_common.sh|run-bugfix-autopilot.sh|run-paper-autopilot.sh	BWS121-R12-REQ-026|BWS121-R12-REQ-027|BWS121-R12-REQ-028|BWS121-R12-REQ-029|BWS121-R12-REQ-030|BWS121-R12-TG-007	restart_or_recovery|security_or_confinement	AS_SPECIFIED_BY_REVIEW	true	true	true	true	true	false
BWS121-R12-008	Second-resolution artifact identities are non-exclusive and can merge or overwrite distinct controller runs	P1	R12	BWS-W4-T46	46	S2	12	.automation/lib/controller_hardening_v2.sh|.automation/lib/run_common.sh|run-autonomous-bugfix.sh|run-autonomous-implementation.sh|run-bugfix-autopilot.sh|run-paper-autopilot.sh|run-paper-evaluation.sh	BWS121-R12-REQ-031|BWS121-R12-REQ-032|BWS121-R12-REQ-033|BWS121-R12-REQ-034|BWS121-R12-TG-008	controller_or_artifact|restart_or_recovery|unit_or_contract	AS_SPECIFIED_BY_REVIEW	true	true	true	true	true	false
BWS121-R12-009	Standalone finalization packages evidence before proving active children are quiescent	P1	R12	BWS-W4-T46	46	S2	12	.automation/lib/controller_hardening_v2.sh|.automation/lib/run_common.sh|run-autonomous-bugfix.sh|run-autonomous-implementation.sh|run-bugfix-autopilot.sh|run-paper-autopilot.sh|run-paper-evaluation.sh	BWS121-R12-REQ-035|BWS121-R12-REQ-036|BWS121-R12-REQ-037|BWS121-R12-REQ-038|BWS121-R12-TG-009	controller_or_artifact|unit_or_contract	AS_SPECIFIED_BY_REVIEW	true	true	true	true	true	false
BWS121-R12-010	Artifact cleanup can recursively delete a live operation solely because its basename is allowlisted	P1	R12	BWS-W4-T46	46	S2	12	.automation/lib/controller_hardening_v2.sh|.automation/lib/run_common.sh|run-autonomous-bugfix.sh|run-autonomous-implementation.sh|run-bugfix-autopilot.sh|run-paper-autopilot.sh|run-paper-evaluation.sh	BWS121-R12-REQ-039|BWS121-R12-REQ-040|BWS121-R12-REQ-041|BWS121-R12-REQ-042|BWS121-R12-TG-010	concurrency_or_ownership|controller_or_artifact|security_or_confinement|unit_or_contract	AS_SPECIFIED_BY_REVIEW	true	true	true	true	true	false
BWS121-R12-011	Shared artifacts.zip publication is an unversioned last-writer-wins race	P1	R12	BWS-W4-T47	47	S2	13	.automation/lib/run_common.sh|.automation/lib/telegram_notify.sh|run-autonomous-bugfix.sh|run-autonomous-implementation.sh|run-bugfix-autopilot.sh|run-paper-autopilot.sh	BWS121-R12-REQ-043|BWS121-R12-REQ-044|BWS121-R12-REQ-045|BWS121-R12-REQ-046|BWS121-R12-TG-011	assurance_or_build|concurrency_or_ownership|controller_or_artifact|restart_or_recovery|unit_or_contract	AS_SPECIFIED_BY_REVIEW	true	true	true	true	true	false
BWS121-R12-012	Failed or incomplete final publication leaves a prior archive silently reusable as current evidence	P1	R12	BWS-W4-T47	47	S2	13	.automation/lib/run_common.sh|.automation/lib/telegram_notify.sh|run-autonomous-bugfix.sh|run-autonomous-implementation.sh|run-bugfix-autopilot.sh|run-paper-autopilot.sh	BWS121-R12-REQ-047|BWS121-R12-REQ-048|BWS121-R12-REQ-049|BWS121-R12-REQ-050|BWS121-R12-TG-011	concurrency_or_ownership|controller_or_artifact|restart_or_recovery|unit_or_contract	AS_SPECIFIED_BY_REVIEW	true	true	true	true	true	false
BWS121-R12-013	Telegram delivery outcome is produced after terminal artifact publication and is absent from retained evidence	P2	R12	BWS-W4-T47	47	S2	13	.automation/lib/run_common.sh|.automation/lib/telegram_notify.sh|run-autonomous-bugfix.sh|run-autonomous-implementation.sh|run-bugfix-autopilot.sh|run-paper-autopilot.sh	BWS121-R12-REQ-051|BWS121-R12-REQ-052|BWS121-R12-REQ-053|BWS121-R12-TG-012	cancellation_or_timeout|controller_or_artifact|unit_or_contract	AS_SPECIFIED_BY_REVIEW	true	false	false	false	false	false
BWS116-R01-001	Committed-HEAD lock derivation honors repository-local Git replacement objects	P1	R01	BWS-W1-T02	2	S3	14	packages/upstream/src/upstream/betting-win-upstream-lock.ts	BWS116-R01-001-TEST-01|BWS116-R01-001-TEST-02|BWS116-R01-TG-001	concurrency_or_fencing|identity_or_determinism|unit_or_integration	AS_DECLARED_BY_OWNING_REVIEW|NODE20_OR_LANGUAGE_NEUTRAL_OFFLINE	true	true	true	true	true	false
BWS116-R01-002	Upstream lock is assembled from multiple unconstrained HEAD observations rather than one pinned object graph	P1	R01	BWS-W1-T02	2	S3	14	packages/upstream/src/upstream/betting-win-upstream-lock.ts	BWS116-R01-002-TEST-01|BWS116-R01-002-TEST-02|BWS116-R01-TG-001	concurrency_or_fencing|unit_or_integration	AS_DECLARED_BY_OWNING_REVIEW|NODE20_OR_LANGUAGE_NEUTRAL_OFFLINE	true	true	true	true	true	false
BWS116-R01-003	API convergence records completion metadata but not the exact records later consumed	P1	R01	BWS-W1-T03	3	S3	15	packages/bootstrap/src/adapters/betting-win-query-client.ts|packages/bootstrap/src/operations/external-runtime-preflight.ts|packages/bootstrap/src/operations/upstream-api-convergence.ts	BWS116-R01-003-TEST-01|BWS116-R01-003-TEST-02|BWS116-R01-003-TEST-03|BWS116-R01-TG-001	concurrency_or_fencing|restart_or_recovery|unit_or_integration|upstream_integration	AS_DECLARED_BY_OWNING_REVIEW|NODE20_OR_LANGUAGE_NEUTRAL_OFFLINE	true	true	true	true	true	false
BWS116-R01-004	Accepted API records are not cryptographically bound to exact response bytes, route, query, contract, generation, and page	P1	R01	BWS-W1-T03	3	S3	15	packages/bootstrap/src/adapters/betting-win-query-client.ts|packages/bootstrap/src/operations/external-runtime-preflight.ts|packages/bootstrap/src/operations/upstream-api-convergence.ts	BWS116-R01-004-TEST-01|BWS116-R01-004-TEST-02|BWS116-R01-004-TEST-03|BWS116-R01-TG-001	concurrency_or_fencing|restart_or_recovery|unit_or_integration|upstream_integration	AS_DECLARED_BY_OWNING_REVIEW|NODE20_OR_LANGUAGE_NEUTRAL_OFFLINE	true	true	true	true	true	false
BWS116-R01-005	Pagination does not bind every page to one immutable contract, profile, generation, and query identity	P1	R01	BWS-W1-T03	3	S3	15	packages/bootstrap/src/adapters/betting-win-query-client.ts|packages/bootstrap/src/operations/external-runtime-preflight.ts|packages/bootstrap/src/operations/upstream-api-convergence.ts	BWS116-R01-005-TEST-01|BWS116-R01-005-TEST-02|BWS116-R01-TG-001	concurrency_or_fencing|restart_or_recovery|upstream_integration	AS_DECLARED_BY_OWNING_REVIEW|NODE20_OR_LANGUAGE_NEUTRAL_OFFLINE	true	true	true	true	true	false
BWS116-R01-010	Source, receive, verification, import, and consumption times are not jointly enforced as distinct currentness evidence	P1	R01	BWS-W1-T03	3	S3	15	packages/bootstrap/src/adapters/betting-win-query-client.ts|packages/bootstrap/src/operations/external-runtime-preflight.ts|packages/bootstrap/src/operations/upstream-api-convergence.ts	BWS116-R01-010-TEST-01|BWS116-R01-010-TEST-02|BWS116-R01-010-TEST-03|BWS116-R01-010-TEST-04|BWS116-R01-010-TEST-05|BWS116-R01-TG-001	concurrency_or_fencing|restart_or_recovery|unit_or_integration	AS_DECLARED_BY_OWNING_REVIEW|NODE20_OR_LANGUAGE_NEUTRAL_OFFLINE	true	true	true	true	true	false
BWS116-R01-009	External-runtime URL validation is lexical and does not prove the destination is non-local across all address forms	P1	R01	BWS-W1-T04	4	S3	16	packages/bootstrap/src/operations/external-runtime-preflight.ts	BWS116-R01-009-TEST-01|BWS116-R01-009-TEST-02|BWS116-R01-009-TEST-03|BWS116-R01-009-TEST-04|BWS116-R01-009-TEST-05|BWS116-R01-009-TEST-06|BWS116-R01-TG-001	concurrency_or_fencing|unit_or_integration|upstream_integration	AS_DECLARED_BY_OWNING_REVIEW|NODE20_OR_LANGUAGE_NEUTRAL_OFFLINE	true	true	true	true	true	false
BWS116-R01-006	Cursor traversal lacks a complete fail-closed proof against repetition, cycles, and non-progress	P2	R01	BWS-W1-T05	5	S3	17	packages/bootstrap/src/adapters/betting-win-query-client.ts|packages/bootstrap/src/operations/upstream-transport-constants.ts	BWS116-R01-006-TEST-01|BWS116-R01-006-TEST-02|BWS116-R01-006-TEST-03|BWS116-R01-006-TEST-04|BWS116-R01-TG-001	cancellation_or_timeout|concurrency_or_fencing|restart_or_recovery|upstream_integration	AS_DECLARED_BY_OWNING_REVIEW|NODE20_OR_LANGUAGE_NEUTRAL_OFFLINE	true	true	false	true	true	false
BWS116-R01-007	Per-request timeout and retry controls do not establish one aggregate convergence deadline or late-result ownership	P2	R01	BWS-W1-T05	5	S3	17	packages/bootstrap/src/adapters/betting-win-query-client.ts|packages/bootstrap/src/operations/upstream-transport-constants.ts	BWS116-R01-007-TEST-01|BWS116-R01-007-TEST-02|BWS116-R01-007-TEST-03|BWS116-R01-007-TEST-04|BWS116-R01-TG-001	cancellation_or_timeout|concurrency_or_fencing|upstream_integration	AS_DECLARED_BY_OWNING_REVIEW|NODE20_OR_LANGUAGE_NEUTRAL_OFFLINE	true	true	false	true	true	false
BWS116-R01-008	Response-size enforcement occurs after fetch buffering and therefore is not a transport memory bound	P2	R01	BWS-W1-T05	5	S3	17	packages/bootstrap/src/adapters/betting-win-query-client.ts|packages/bootstrap/src/operations/upstream-transport-constants.ts	BWS116-R01-008-TEST-01|BWS116-R01-008-TEST-02|BWS116-R01-008-TEST-03|BWS116-R01-008-TEST-04|BWS116-R01-TG-001	concurrency_or_fencing|unit_or_integration	AS_DECLARED_BY_OWNING_REVIEW|NODE20_OR_LANGUAGE_NEUTRAL_OFFLINE	true	true	false	false	true	false
BWS116-R02-001	B1 complete-set acceptance proves only key cardinality, not mutually exclusive and exhaustive outcome semantics	P1	R02	BWS-W1-T06	6	S3	18	packages/bootstrap/src/contracts/b1-local-types.ts|packages/bootstrap/src/contracts/betting-win-b1-resource-records.ts|packages/bootstrap/src/contracts/betting-win-resource-records.ts|packages/bootstrap/src/economics/b1-fee-matrix.ts|packages/bootstrap/src/identity/b1-market-equivalence.ts|packages/bootstrap/src/identity/b1-selection-equivalence.ts|packages/bootstrap/src/identity/b1-venue-pair-key.ts|packages/bootstrap/src/opportunity/b1-cross-venue-derivation.ts|packages/bootstrap/src/opportunity/b1-gross-spread.ts|packages/bootstrap/src/opportunity/standard-binary-derivation.ts|packages/bootstrap/src/scenarios/b1-scenario-cashflow.ts|packages/bootstrap/src/scenarios/b1-terminal-scenario.ts|packages/bootstrap/src/scenarios/complete-set.ts|packages/bootstrap/src/solver/b1-generalized-stake-vector.ts	BWS116-R02-001-TEST-01|BWS116-R02-001-TEST-02|BWS116-R02-001-TEST-03	unit_or_integration	NODE20_OR_LANGUAGE_NEUTRAL_OFFLINE	false	false	false	true	false	false
BWS116-R02-002	B1 market grouping and venue-pair identity omit provider and provider-generation authority	P1	R02	BWS-W1-T06	6	S3	18	packages/bootstrap/src/contracts/b1-local-types.ts|packages/bootstrap/src/contracts/betting-win-b1-resource-records.ts|packages/bootstrap/src/contracts/betting-win-resource-records.ts|packages/bootstrap/src/economics/b1-fee-matrix.ts|packages/bootstrap/src/identity/b1-market-equivalence.ts|packages/bootstrap/src/identity/b1-selection-equivalence.ts|packages/bootstrap/src/identity/b1-venue-pair-key.ts|packages/bootstrap/src/opportunity/b1-cross-venue-derivation.ts|packages/bootstrap/src/opportunity/b1-gross-spread.ts|packages/bootstrap/src/opportunity/standard-binary-derivation.ts|packages/bootstrap/src/scenarios/b1-scenario-cashflow.ts|packages/bootstrap/src/scenarios/b1-terminal-scenario.ts|packages/bootstrap/src/scenarios/complete-set.ts|packages/bootstrap/src/solver/b1-generalized-stake-vector.ts	BWS116-R02-002-TEST-01|BWS116-R02-002-TEST-02|BWS116-R02-002-TEST-03|BWS116-R02-002-TEST-04	identity_or_determinism|unit_or_integration	NODE20_OR_LANGUAGE_NEUTRAL_OFFLINE	false	false	false	true	false	false
BWS116-R02-007	Unescaped delimiter-based composite keys collide for distinct B1 identities and constraints	P1	R02	BWS-W1-T06	6	S3	18	packages/bootstrap/src/contracts/b1-local-types.ts|packages/bootstrap/src/contracts/betting-win-b1-resource-records.ts|packages/bootstrap/src/contracts/betting-win-resource-records.ts|packages/bootstrap/src/economics/b1-fee-matrix.ts|packages/bootstrap/src/identity/b1-market-equivalence.ts|packages/bootstrap/src/identity/b1-selection-equivalence.ts|packages/bootstrap/src/identity/b1-venue-pair-key.ts|packages/bootstrap/src/opportunity/b1-cross-venue-derivation.ts|packages/bootstrap/src/opportunity/b1-gross-spread.ts|packages/bootstrap/src/opportunity/standard-binary-derivation.ts|packages/bootstrap/src/scenarios/b1-scenario-cashflow.ts|packages/bootstrap/src/scenarios/b1-terminal-scenario.ts|packages/bootstrap/src/scenarios/complete-set.ts|packages/bootstrap/src/solver/b1-generalized-stake-vector.ts	BWS116-R02-007-TEST-01|BWS116-R02-007-TEST-02|BWS116-R02-007-TEST-03	identity_or_determinism|mathematics_or_property	NODE20_OR_LANGUAGE_NEUTRAL_OFFLINE	false	false	false	true	false	false
BWS116-R02-008	B1 line equivalence compares raw decimal text and rejects numerically identical markets	P1	R02	BWS-W1-T06	6	S3	18	packages/bootstrap/src/contracts/b1-local-types.ts|packages/bootstrap/src/contracts/betting-win-b1-resource-records.ts|packages/bootstrap/src/contracts/betting-win-resource-records.ts|packages/bootstrap/src/economics/b1-fee-matrix.ts|packages/bootstrap/src/identity/b1-market-equivalence.ts|packages/bootstrap/src/identity/b1-selection-equivalence.ts|packages/bootstrap/src/identity/b1-venue-pair-key.ts|packages/bootstrap/src/opportunity/b1-cross-venue-derivation.ts|packages/bootstrap/src/opportunity/b1-gross-spread.ts|packages/bootstrap/src/opportunity/standard-binary-derivation.ts|packages/bootstrap/src/scenarios/b1-scenario-cashflow.ts|packages/bootstrap/src/scenarios/b1-terminal-scenario.ts|packages/bootstrap/src/scenarios/complete-set.ts|packages/bootstrap/src/solver/b1-generalized-stake-vector.ts	BWS116-R02-008-TEST-01|BWS116-R02-008-TEST-02|BWS116-R02-008-TEST-03|BWS116-R02-008-TEST-04	unit_or_integration	NODE20_OR_LANGUAGE_NEUTRAL_OFFLINE	false	false	false	true	false	false
BWS116-R02-009	Standard-binary complete-set assembly can mix YES and NO quotes from different source manifests	P1	R02	BWS-W1-T06	6	S3	18	packages/bootstrap/src/contracts/b1-local-types.ts|packages/bootstrap/src/contracts/betting-win-b1-resource-records.ts|packages/bootstrap/src/contracts/betting-win-resource-records.ts|packages/bootstrap/src/economics/b1-fee-matrix.ts|packages/bootstrap/src/identity/b1-market-equivalence.ts|packages/bootstrap/src/identity/b1-selection-equivalence.ts|packages/bootstrap/src/identity/b1-venue-pair-key.ts|packages/bootstrap/src/opportunity/b1-cross-venue-derivation.ts|packages/bootstrap/src/opportunity/b1-gross-spread.ts|packages/bootstrap/src/opportunity/standard-binary-derivation.ts|packages/bootstrap/src/scenarios/b1-scenario-cashflow.ts|packages/bootstrap/src/scenarios/b1-terminal-scenario.ts|packages/bootstrap/src/scenarios/complete-set.ts|packages/bootstrap/src/solver/b1-generalized-stake-vector.ts	BWS116-R02-009-TEST-01|BWS116-R02-009-TEST-02|BWS116-R02-009-TEST-03|BWS116-R02-009-TEST-04	identity_or_determinism|mathematics_or_property|unit_or_integration	NODE20_OR_LANGUAGE_NEUTRAL_OFFLINE	false	false	false	true	false	false
BWS116-R02-013	Locale-sensitive localeCompare calls make candidate, scenario, and solver ordering environment-dependent	P1	R02	BWS-W1-T06	6	S3	18	packages/bootstrap/src/contracts/b1-local-types.ts|packages/bootstrap/src/contracts/betting-win-b1-resource-records.ts|packages/bootstrap/src/contracts/betting-win-resource-records.ts|packages/bootstrap/src/economics/b1-fee-matrix.ts|packages/bootstrap/src/identity/b1-market-equivalence.ts|packages/bootstrap/src/identity/b1-selection-equivalence.ts|packages/bootstrap/src/identity/b1-venue-pair-key.ts|packages/bootstrap/src/opportunity/b1-cross-venue-derivation.ts|packages/bootstrap/src/opportunity/b1-gross-spread.ts|packages/bootstrap/src/opportunity/standard-binary-derivation.ts|packages/bootstrap/src/scenarios/b1-scenario-cashflow.ts|packages/bootstrap/src/scenarios/b1-terminal-scenario.ts|packages/bootstrap/src/scenarios/complete-set.ts|packages/bootstrap/src/solver/b1-generalized-stake-vector.ts	BWS116-R02-013-TEST-01|BWS116-R02-013-TEST-02|BWS116-R02-013-TEST-03|BWS116-R02-013-TEST-04	identity_or_determinism|unit_or_integration	NODE20_OR_LANGUAGE_NEUTRAL_OFFLINE	false	false	false	true	false	false
BWS116-R03-006	Repository idempotency claims use read-then-insert races instead of atomic create-or-compare operations	P1	R03	BWS-W1-T10	10	S3	19	database/migrations/surebet/001_create_upstream_locks_and_import_runs.sql|database/migrations/surebet/004_create_worker_jobs.sql|database/migrations/surebet/012_create_b1_private_observation_cycles.sql|docs/035_continuous_service_supervisor_contract.md|packages/persistence/src/repositories/b1-private-observation-repository.ts|packages/persistence/src/repositories/b1-upstream-convergence-repository.ts|packages/persistence/src/repositories/import-run-repository.ts|packages/persistence/src/repositories/private-paper-runtime-scheduler-checkpoint-repository.ts|packages/persistence/src/repositories/strategy-ledger-repository.ts|packages/persistence/src/repositories/upstream-api-convergence-repository.ts|packages/persistence/src/repositories/upstream-export-convergence-repository.ts|packages/persistence/src/repositories/upstream-lock-repository.ts|packages/persistence/src/repositories/worker-job-repository.ts	BWS116-R03-006-TEST-01|BWS116-R03-006-TEST-02|BWS116-R03-006-TEST-03|BWS116-R03-006-TEST-04	concurrency_or_fencing|restart_or_recovery|unit_or_integration	DISPOSABLE_POSTGRESQL_AND_NODE20	true	false	false	true	true	false
BWS116-R03-007	Finalization and checkpoint advances validate expected state in one session but update by ID in another	P1	R03	BWS-W1-T10	10	S3	19	database/migrations/surebet/001_create_upstream_locks_and_import_runs.sql|database/migrations/surebet/004_create_worker_jobs.sql|database/migrations/surebet/012_create_b1_private_observation_cycles.sql|docs/035_continuous_service_supervisor_contract.md|packages/persistence/src/repositories/b1-private-observation-repository.ts|packages/persistence/src/repositories/b1-upstream-convergence-repository.ts|packages/persistence/src/repositories/import-run-repository.ts|packages/persistence/src/repositories/private-paper-runtime-scheduler-checkpoint-repository.ts|packages/persistence/src/repositories/strategy-ledger-repository.ts|packages/persistence/src/repositories/upstream-api-convergence-repository.ts|packages/persistence/src/repositories/upstream-export-convergence-repository.ts|packages/persistence/src/repositories/upstream-lock-repository.ts|packages/persistence/src/repositories/worker-job-repository.ts	BWS116-R03-007-TEST-01|BWS116-R03-007-TEST-02|BWS116-R03-007-TEST-03|BWS116-R03-007-TEST-04	concurrency_or_fencing|unit_or_integration|upstream_integration	DISPOSABLE_POSTGRESQL_AND_NODE20	false	false	false	true	true	false
BWS116-R03-008	Worker heartbeat, checkpoint, completion, and retry transitions omit the lease fence from their mutation predicates	P1	R03	BWS-W1-T10	10	S3	19	database/migrations/surebet/001_create_upstream_locks_and_import_runs.sql|database/migrations/surebet/004_create_worker_jobs.sql|database/migrations/surebet/012_create_b1_private_observation_cycles.sql|docs/035_continuous_service_supervisor_contract.md|packages/persistence/src/repositories/b1-private-observation-repository.ts|packages/persistence/src/repositories/b1-upstream-convergence-repository.ts|packages/persistence/src/repositories/import-run-repository.ts|packages/persistence/src/repositories/private-paper-runtime-scheduler-checkpoint-repository.ts|packages/persistence/src/repositories/strategy-ledger-repository.ts|packages/persistence/src/repositories/upstream-api-convergence-repository.ts|packages/persistence/src/repositories/upstream-export-convergence-repository.ts|packages/persistence/src/repositories/upstream-lock-repository.ts|packages/persistence/src/repositories/worker-job-repository.ts	BWS116-R03-008-TEST-01|BWS116-R03-008-TEST-02|BWS116-R03-008-TEST-03|BWS116-R03-008-TEST-04|BWS116-R03-008-TEST-05	concurrency_or_fencing|unit_or_integration	DISPOSABLE_POSTGRESQL_AND_NODE20	false	false	false	true	true	false
BWS116-R03-009	Worker availability and lease validity are controlled by caller timestamps with inconsistent expiry boundaries	P1	R03	BWS-W1-T10	10	S3	19	database/migrations/surebet/001_create_upstream_locks_and_import_runs.sql|database/migrations/surebet/004_create_worker_jobs.sql|database/migrations/surebet/012_create_b1_private_observation_cycles.sql|docs/035_continuous_service_supervisor_contract.md|packages/persistence/src/repositories/b1-private-observation-repository.ts|packages/persistence/src/repositories/b1-upstream-convergence-repository.ts|packages/persistence/src/repositories/import-run-repository.ts|packages/persistence/src/repositories/private-paper-runtime-scheduler-checkpoint-repository.ts|packages/persistence/src/repositories/strategy-ledger-repository.ts|packages/persistence/src/repositories/upstream-api-convergence-repository.ts|packages/persistence/src/repositories/upstream-export-convergence-repository.ts|packages/persistence/src/repositories/upstream-lock-repository.ts|packages/persistence/src/repositories/worker-job-repository.ts	BWS116-R03-009-TEST-01|BWS116-R03-009-TEST-02|BWS116-R03-009-TEST-03|BWS116-R03-009-TEST-04	concurrency_or_fencing|unit_or_integration	DISPOSABLE_POSTGRESQL_AND_NODE20	false	false	false	true	true	false
BWS116-R03-010	Expired leases are always dead-lettered even when retry budget remains	P1	R03	BWS-W1-T10	10	S3	19	database/migrations/surebet/001_create_upstream_locks_and_import_runs.sql|database/migrations/surebet/004_create_worker_jobs.sql|database/migrations/surebet/012_create_b1_private_observation_cycles.sql|docs/035_continuous_service_supervisor_contract.md|packages/persistence/src/repositories/b1-private-observation-repository.ts|packages/persistence/src/repositories/b1-upstream-convergence-repository.ts|packages/persistence/src/repositories/import-run-repository.ts|packages/persistence/src/repositories/private-paper-runtime-scheduler-checkpoint-repository.ts|packages/persistence/src/repositories/strategy-ledger-repository.ts|packages/persistence/src/repositories/upstream-api-convergence-repository.ts|packages/persistence/src/repositories/upstream-export-convergence-repository.ts|packages/persistence/src/repositories/upstream-lock-repository.ts|packages/persistence/src/repositories/worker-job-repository.ts	BWS116-R03-010-TEST-01|BWS116-R03-010-TEST-02|BWS116-R03-010-TEST-03|BWS116-R03-010-TEST-04|BWS116-R03-010-TEST-05	concurrency_or_fencing|unit_or_integration	DISPOSABLE_POSTGRESQL_AND_NODE20	false	false	false	true	true	false
BWS116-R03-017	Durable lifecycle tables accept impossible timestamp orderings	P1	R03	BWS-W1-T10	10	S3	19	database/migrations/surebet/001_create_upstream_locks_and_import_runs.sql|database/migrations/surebet/004_create_worker_jobs.sql|database/migrations/surebet/012_create_b1_private_observation_cycles.sql|docs/035_continuous_service_supervisor_contract.md|packages/persistence/src/repositories/b1-private-observation-repository.ts|packages/persistence/src/repositories/b1-upstream-convergence-repository.ts|packages/persistence/src/repositories/import-run-repository.ts|packages/persistence/src/repositories/private-paper-runtime-scheduler-checkpoint-repository.ts|packages/persistence/src/repositories/strategy-ledger-repository.ts|packages/persistence/src/repositories/upstream-api-convergence-repository.ts|packages/persistence/src/repositories/upstream-export-convergence-repository.ts|packages/persistence/src/repositories/upstream-lock-repository.ts|packages/persistence/src/repositories/worker-job-repository.ts	BWS116-R03-017-TEST-01|BWS116-R03-017-TEST-02|BWS116-R03-017-TEST-03|BWS116-R03-017-TEST-04|BWS116-R03-017-TEST-05	concurrency_or_fencing|persistence_or_migration|unit_or_integration	DISPOSABLE_POSTGRESQL_AND_NODE20	false	false	false	true	true	false
BWS116-R03-005	psql subprocesses have no explicit timeout or cancellation boundary	P2	R03	BWS-W1-T11	11	S3	20	packages/bootstrap/src/operations/private-paper-scheduler-service.ts|packages/bootstrap/src/operations/private-paper-worker-service.ts|packages/bootstrap/src/workers/bounded-job-worker.ts|packages/persistence/src/psql.ts	BWS116-R03-005-TEST-01|BWS116-R03-005-TEST-02|BWS116-R03-005-TEST-03	cancellation_or_timeout|persistence_or_migration	DISPOSABLE_POSTGRESQL_AND_NODE20	true	false	false	true	true	false
BWS116-R03-011	Configured service timeouts and shutdown signals do not cancel in-flight scheduler or worker work	P1	R03	BWS-W1-T11	11	S3	20	packages/bootstrap/src/operations/private-paper-scheduler-service.ts|packages/bootstrap/src/operations/private-paper-worker-service.ts|packages/bootstrap/src/workers/bounded-job-worker.ts|packages/persistence/src/psql.ts	BWS116-R03-011-TEST-01|BWS116-R03-011-TEST-02|BWS116-R03-011-TEST-03|BWS116-R03-011-TEST-04|BWS116-R03-011-TEST-05	cancellation_or_timeout|concurrency_or_fencing|unit_or_integration	DISPOSABLE_POSTGRESQL_AND_NODE20	true	false	false	true	true	false
BWS118-R06-001	Lifecycle ownership is a non-atomic state-file check-and-overwrite	P1	R06	BWS-W2-T21	21	S3	21	docs/035_continuous_service_supervisor_contract.md|package.json|packages/bootstrap/src/operations/operator-lifecycle.ts|packages/bootstrap/src/operations/private-paper-scheduler-service.ts|packages/bootstrap/src/operations/private-paper-worker-service.ts|packages/bootstrap/src/operations/upstream-convergence-service.ts|scripts/bws-root-wrapper-runtime.mjs	BWS118-R06-001-TEST-01|BWS118-R06-001-TEST-02|BWS118-R06-001-TEST-03|BWS118-R06-001-TEST-04|BWS118-R06-001-TEST-05	concurrency_or_ownership|restart_or_recovery|unit_or_contract	NODE20_AND_DISPOSABLE_LOCAL_DEPENDENCIES_AS_REQUIRED	true	false	false	true	true	false
BWS118-R06-003	Active processes are not bound to an immutable executable generation and status or stop commands rebuild dist	P1	R06	BWS-W2-T21	21	S3	21	docs/035_continuous_service_supervisor_contract.md|package.json|packages/bootstrap/src/operations/operator-lifecycle.ts|packages/bootstrap/src/operations/private-paper-scheduler-service.ts|packages/bootstrap/src/operations/private-paper-worker-service.ts|packages/bootstrap/src/operations/upstream-convergence-service.ts|scripts/bws-root-wrapper-runtime.mjs	BWS118-R06-003-TEST-01|BWS118-R06-003-TEST-02|BWS118-R06-003-TEST-03|BWS118-R06-003-TEST-04|BWS118-R06-003-TEST-05	concurrency_or_ownership|unit_or_contract	NODE20_AND_DISPOSABLE_LOCAL_DEPENDENCIES_AS_REQUIRED	true	false	false	true	true	false
BWS118-R06-004	Partial startup can orphan the just-spawned detached child before it enters rollback ownership	P1	R06	BWS-W2-T21	21	S3	21	docs/035_continuous_service_supervisor_contract.md|package.json|packages/bootstrap/src/operations/operator-lifecycle.ts|packages/bootstrap/src/operations/private-paper-scheduler-service.ts|packages/bootstrap/src/operations/private-paper-worker-service.ts|packages/bootstrap/src/operations/upstream-convergence-service.ts|scripts/bws-root-wrapper-runtime.mjs	BWS118-R06-004-TEST-01|BWS118-R06-004-TEST-02|BWS118-R06-004-TEST-03|BWS118-R06-004-TEST-04|BWS118-R06-004-TEST-05	cancellation_or_timeout|concurrency_or_ownership|evidence_or_artifact|unit_or_contract	NODE20_AND_DISPOSABLE_LOCAL_DEPENDENCIES_AS_REQUIRED	true	false	false	true	true	false
BWS118-R06-005	Stale-state recovery deletes ownership and starts replacements even when cleanup failed	P1	R06	BWS-W2-T21	21	S3	21	docs/035_continuous_service_supervisor_contract.md|package.json|packages/bootstrap/src/operations/operator-lifecycle.ts|packages/bootstrap/src/operations/private-paper-scheduler-service.ts|packages/bootstrap/src/operations/private-paper-worker-service.ts|packages/bootstrap/src/operations/upstream-convergence-service.ts|scripts/bws-root-wrapper-runtime.mjs	BWS118-R06-005-TEST-01|BWS118-R06-005-TEST-02|BWS118-R06-005-TEST-03|BWS118-R06-005-TEST-04|BWS118-R06-005-TEST-05	cancellation_or_timeout|restart_or_recovery|unit_or_contract	NODE20_AND_DISPOSABLE_LOCAL_DEPENDENCIES_AS_REQUIRED	true	false	false	true	true	false
BWS118-R06-002	Stack startup reports started before non-API services and full readiness are established	P1	R06	BWS-W2-T22	22	S3	22	deployment/systemd-user/bws-operator.service.template|packages/bootstrap/src/api/bws-read-only-query-http.ts|packages/bootstrap/src/cli/bws-operator-lifecycle.ts|packages/bootstrap/src/operations/observability.ts|packages/bootstrap/src/operations/operator-lifecycle.ts|packages/bootstrap/src/operations/service-runtime.ts|scripts/bws-root-wrapper-runtime.mjs|tests/bws-operator-lifecycle.test.ts|tests/bws-service-runtime.test.ts|tests/root-wrapper-runtime.test.ts	BWS118-R06-002-TEST-01|BWS118-R06-002-TEST-02|BWS118-R06-002-TEST-03|BWS118-R06-002-TEST-04|BWS118-R06-002-TEST-05	api_or_projection|persistence_or_migration|unit_or_contract	NODE20_AND_DISPOSABLE_LOCAL_DEPENDENCIES_AS_REQUIRED	true	false	false	true	true	false
BWS118-R06-007	API health, readiness, and metrics can remain green from declarations and stale state files after child failure	P1	R06	BWS-W2-T22	22	S3	22	deployment/systemd-user/bws-operator.service.template|packages/bootstrap/src/api/bws-read-only-query-http.ts|packages/bootstrap/src/cli/bws-operator-lifecycle.ts|packages/bootstrap/src/operations/observability.ts|packages/bootstrap/src/operations/operator-lifecycle.ts|packages/bootstrap/src/operations/service-runtime.ts|scripts/bws-root-wrapper-runtime.mjs|tests/bws-operator-lifecycle.test.ts|tests/bws-service-runtime.test.ts|tests/root-wrapper-runtime.test.ts	BWS118-R06-007-TEST-01|BWS118-R06-007-TEST-02|BWS118-R06-007-TEST-03|BWS118-R06-007-TEST-04|BWS118-R06-007-TEST-05|BWS118-R06-007-TEST-06	api_or_projection|concurrency_or_ownership|persistence_or_migration|unit_or_contract	NODE20_AND_DISPOSABLE_LOCAL_DEPENDENCIES_AS_REQUIRED	true	false	false	true	true	false
BWS118-R06-008	The root runtime summary is disconnected from production lifecycle evidence, process verification, and HTTP envelopes	P1	R06	BWS-W2-T22	22	S3	22	deployment/systemd-user/bws-operator.service.template|packages/bootstrap/src/api/bws-read-only-query-http.ts|packages/bootstrap/src/cli/bws-operator-lifecycle.ts|packages/bootstrap/src/operations/observability.ts|packages/bootstrap/src/operations/operator-lifecycle.ts|packages/bootstrap/src/operations/service-runtime.ts|scripts/bws-root-wrapper-runtime.mjs|tests/bws-operator-lifecycle.test.ts|tests/bws-service-runtime.test.ts|tests/root-wrapper-runtime.test.ts	BWS118-R06-008-TEST-01|BWS118-R06-008-TEST-02|BWS118-R06-008-TEST-03|BWS118-R06-008-TEST-04|BWS118-R06-008-TEST-05|BWS118-R06-008-TEST-06	cancellation_or_timeout|concurrency_or_ownership|unit_or_contract	NODE20_AND_DISPOSABLE_LOCAL_DEPENDENCIES_AS_REQUIRED	true	false	false	true	true	false
BWS118-R06-009	CLI exit codes and the oneshot systemd unit remain successful while the managed stack is degraded or gone	P1	R06	BWS-W2-T22	22	S3	22	deployment/systemd-user/bws-operator.service.template|packages/bootstrap/src/api/bws-read-only-query-http.ts|packages/bootstrap/src/cli/bws-operator-lifecycle.ts|packages/bootstrap/src/operations/observability.ts|packages/bootstrap/src/operations/operator-lifecycle.ts|packages/bootstrap/src/operations/service-runtime.ts|scripts/bws-root-wrapper-runtime.mjs|tests/bws-operator-lifecycle.test.ts|tests/bws-service-runtime.test.ts|tests/root-wrapper-runtime.test.ts	BWS118-R06-009-TEST-01|BWS118-R06-009-TEST-02|BWS118-R06-009-TEST-03|BWS118-R06-009-TEST-04|BWS118-R06-009-TEST-05	restart_or_recovery|unit_or_contract	NODE20_AND_DISPOSABLE_LOCAL_DEPENDENCIES_AS_REQUIRED	true	false	false	true	true	false
BWS118-R06-006	Lifecycle timeout settings are per-step rather than one aggregate deadline	P1	R06	BWS-W2-T23	23	S3	23	deployment/systemd-user/bws-operator.service.template|docs/035_continuous_service_supervisor_contract.md|packages/bootstrap/src/api/bws-read-only-query-http.ts|packages/bootstrap/src/cli/bws-read-only-api.ts|packages/bootstrap/src/operations/operator-lifecycle.ts|packages/bootstrap/src/operations/private-paper-scheduler-service.ts|packages/bootstrap/src/operations/private-paper-worker-service.ts|packages/bootstrap/src/operations/runtime-applications.ts|packages/bootstrap/src/operations/upstream-convergence-service.ts|scripts/bws-root-wrapper-runtime.mjs|tests/bws-operator-lifecycle.test.ts	BWS118-R06-006-TEST-01|BWS118-R06-006-TEST-02|BWS118-R06-006-TEST-03|BWS118-R06-006-TEST-04|BWS118-R06-006-TEST-05	api_or_projection|cancellation_or_timeout|unit_or_contract	NODE20_AND_DISPOSABLE_LOCAL_DEPENDENCIES_AS_REQUIRED	true	false	false	true	true	false
BWS118-R06-010	Shutdown uses startup role order instead of scheduler-stop, worker-drain, convergence, cockpit, API order	P1	R06	BWS-W2-T23	23	S3	23	deployment/systemd-user/bws-operator.service.template|docs/035_continuous_service_supervisor_contract.md|packages/bootstrap/src/api/bws-read-only-query-http.ts|packages/bootstrap/src/cli/bws-read-only-api.ts|packages/bootstrap/src/operations/operator-lifecycle.ts|packages/bootstrap/src/operations/private-paper-scheduler-service.ts|packages/bootstrap/src/operations/private-paper-worker-service.ts|packages/bootstrap/src/operations/runtime-applications.ts|packages/bootstrap/src/operations/upstream-convergence-service.ts|scripts/bws-root-wrapper-runtime.mjs|tests/bws-operator-lifecycle.test.ts	BWS118-R06-010-TEST-01|BWS118-R06-010-TEST-02|BWS118-R06-010-TEST-03|BWS118-R06-010-TEST-04|BWS118-R06-010-TEST-05	cancellation_or_timeout|concurrency_or_ownership|evidence_or_artifact|unit_or_contract	NODE20_AND_DISPOSABLE_LOCAL_DEPENDENCIES_AS_REQUIRED	true	false	false	true	true	false
BWS118-R06-011	One hung child aborts shutdown before remaining owned children are signaled	P1	R06	BWS-W2-T23	23	S3	23	deployment/systemd-user/bws-operator.service.template|docs/035_continuous_service_supervisor_contract.md|packages/bootstrap/src/api/bws-read-only-query-http.ts|packages/bootstrap/src/cli/bws-read-only-api.ts|packages/bootstrap/src/operations/operator-lifecycle.ts|packages/bootstrap/src/operations/private-paper-scheduler-service.ts|packages/bootstrap/src/operations/private-paper-worker-service.ts|packages/bootstrap/src/operations/runtime-applications.ts|packages/bootstrap/src/operations/upstream-convergence-service.ts|scripts/bws-root-wrapper-runtime.mjs|tests/bws-operator-lifecycle.test.ts	BWS118-R06-011-TEST-01|BWS118-R06-011-TEST-02|BWS118-R06-011-TEST-03|BWS118-R06-011-TEST-04|BWS118-R06-011-TEST-05	evidence_or_artifact|unit_or_contract	NODE20_AND_DISPOSABLE_LOCAL_DEPENDENCIES_AS_REQUIRED	true	false	false	true	true	false
BWS118-R06-012	Stop signaling and exit waits are vulnerable to PID reuse after the initial /proc verification	P1	R06	BWS-W2-T23	23	S3	23	deployment/systemd-user/bws-operator.service.template|docs/035_continuous_service_supervisor_contract.md|packages/bootstrap/src/api/bws-read-only-query-http.ts|packages/bootstrap/src/cli/bws-read-only-api.ts|packages/bootstrap/src/operations/operator-lifecycle.ts|packages/bootstrap/src/operations/private-paper-scheduler-service.ts|packages/bootstrap/src/operations/private-paper-worker-service.ts|packages/bootstrap/src/operations/runtime-applications.ts|packages/bootstrap/src/operations/upstream-convergence-service.ts|scripts/bws-root-wrapper-runtime.mjs|tests/bws-operator-lifecycle.test.ts	BWS118-R06-012-TEST-01|BWS118-R06-012-TEST-02|BWS118-R06-012-TEST-03|BWS118-R06-012-TEST-04|BWS118-R06-012-TEST-05	concurrency_or_ownership|unit_or_contract	NODE20_AND_DISPOSABLE_LOCAL_DEPENDENCIES_AS_REQUIRED	true	false	false	true	true	false
BWS118-R06-013	API listener and request promises lack one bounded, exception-safe ownership boundary	P1	R06	BWS-W2-T23	23	S3	23	deployment/systemd-user/bws-operator.service.template|docs/035_continuous_service_supervisor_contract.md|packages/bootstrap/src/api/bws-read-only-query-http.ts|packages/bootstrap/src/cli/bws-read-only-api.ts|packages/bootstrap/src/operations/operator-lifecycle.ts|packages/bootstrap/src/operations/private-paper-scheduler-service.ts|packages/bootstrap/src/operations/private-paper-worker-service.ts|packages/bootstrap/src/operations/runtime-applications.ts|packages/bootstrap/src/operations/upstream-convergence-service.ts|scripts/bws-root-wrapper-runtime.mjs|tests/bws-operator-lifecycle.test.ts	BWS118-R06-013-TEST-01|BWS118-R06-013-TEST-02|BWS118-R06-013-TEST-03|BWS118-R06-013-TEST-04|BWS118-R06-013-TEST-05|BWS118-R06-013-TEST-06	api_or_projection|cancellation_or_timeout|concurrency_or_ownership|unit_or_contract	NODE20_AND_DISPOSABLE_LOCAL_DEPENDENCIES_AS_REQUIRED	true	false	false	true	true	false
BWS118-R06-014	Successful service passes leave timeout timers alive until their full configured duration	P2	R06	BWS-W2-T23	23	S3	23	deployment/systemd-user/bws-operator.service.template|docs/035_continuous_service_supervisor_contract.md|packages/bootstrap/src/api/bws-read-only-query-http.ts|packages/bootstrap/src/cli/bws-read-only-api.ts|packages/bootstrap/src/operations/operator-lifecycle.ts|packages/bootstrap/src/operations/private-paper-scheduler-service.ts|packages/bootstrap/src/operations/private-paper-worker-service.ts|packages/bootstrap/src/operations/runtime-applications.ts|packages/bootstrap/src/operations/upstream-convergence-service.ts|scripts/bws-root-wrapper-runtime.mjs|tests/bws-operator-lifecycle.test.ts	BWS118-R06-014-TEST-01|BWS118-R06-014-TEST-02|BWS118-R06-014-TEST-03|BWS118-R06-014-TEST-04|BWS118-R06-014-TEST-05	cancellation_or_timeout|concurrency_or_ownership|simulation_or_economics|unit_or_contract	NODE20_AND_DISPOSABLE_LOCAL_DEPENDENCIES_AS_REQUIRED	true	false	false	false	true	false
BWS118-R06-015	Unexpected pass failures exit without a terminal service state or failure evidence	P1	R06	BWS-W2-T24	24	S3	24	packages/bootstrap/src/operations/operator-lifecycle.ts|packages/bootstrap/src/operations/private-paper-scheduler-service.ts|packages/bootstrap/src/operations/private-paper-worker-service.ts|packages/bootstrap/src/operations/upstream-convergence-service.ts	BWS118-R06-015-TEST-01|BWS118-R06-015-TEST-02|BWS118-R06-015-TEST-03|BWS118-R06-015-TEST-04|BWS118-R06-015-TEST-05	evidence_or_artifact|restart_or_recovery|unit_or_contract	NODE20_AND_DISPOSABLE_LOCAL_DEPENDENCIES_AS_REQUIRED	true	false	false	true	true	false
BWS118-R06-016	Millisecond evidence filenames collide across legitimate lifecycle events and can crash the service	P1	R06	BWS-W2-T24	24	S3	24	packages/bootstrap/src/operations/operator-lifecycle.ts|packages/bootstrap/src/operations/private-paper-scheduler-service.ts|packages/bootstrap/src/operations/private-paper-worker-service.ts|packages/bootstrap/src/operations/upstream-convergence-service.ts	BWS118-R06-016-TEST-01|BWS118-R06-016-TEST-02|BWS118-R06-016-TEST-03|BWS118-R06-016-TEST-04|BWS118-R06-016-TEST-05	concurrency_or_ownership|evidence_or_artifact|unit_or_contract	NODE20_AND_DISPOSABLE_LOCAL_DEPENDENCIES_AS_REQUIRED	true	false	false	true	true	false
BWS118-R06-017	Health and failure diagnostics synchronously hash or read unbounded filesystem data	P2	R06	BWS-W2-T25	25	S3	25	packages/bootstrap/src/operations/operator-lifecycle.ts|packages/bootstrap/src/operations/runtime-applications.ts|scripts/bws-root-wrapper-runtime.mjs	BWS118-R06-017-TEST-01|BWS118-R06-017-TEST-02|BWS118-R06-017-TEST-03|BWS118-R06-017-TEST-04|BWS118-R06-017-TEST-05	api_or_projection|concurrency_or_ownership|unit_or_contract	NODE20_AND_DISPOSABLE_LOCAL_DEPENDENCIES_AS_REQUIRED	true	false	false	false	false	false
BWS120-R07-003	Evidence-index deduplication and latest-summary publication are not serialized across processes	P1	R07	BWS-W3-T27	27	S3	26	docs/038_observability_metrics_and_evidence_contract.md|packages/bootstrap/src/operations/external-runtime-preflight.ts|packages/bootstrap/src/operations/observability.ts|packages/bootstrap/src/operations/paper-runtime-evidence.ts|packages/bootstrap/src/operations/paper-runtime-handoff.ts	BWS120-R07-003-TEST-01|BWS120-R07-003-TEST-02|BWS120-R07-003-TEST-03|BWS120-R07-003-TEST-04|BWS120-R07-003-TEST-05	evidence_or_artifact|restart_or_recovery|unit_or_integration	NODE20_OR_LANGUAGE_NEUTRAL_OFFLINE_OR_CONTROLLED_INTEGRATION	true	true	false	true	true	false
BWS120-R07-004	Indexed evidence can be mutated or deleted after registration without invalidating acceptance	P1	R07	BWS-W3-T27	27	S3	26	docs/038_observability_metrics_and_evidence_contract.md|packages/bootstrap/src/operations/external-runtime-preflight.ts|packages/bootstrap/src/operations/observability.ts|packages/bootstrap/src/operations/paper-runtime-evidence.ts|packages/bootstrap/src/operations/paper-runtime-handoff.ts	BWS120-R07-004-TEST-01|BWS120-R07-004-TEST-02|BWS120-R07-004-TEST-03|BWS120-R07-004-TEST-04|BWS120-R07-004-TEST-05	evidence_or_artifact|security_or_confinement|unit_or_integration	NODE20_OR_LANGUAGE_NEUTRAL_OFFLINE_OR_CONTROLLED_INTEGRATION	true	true	false	true	true	false
BWS120-R07-005	Evidence “latest” state is append-order state, not monotonic currentness	P1	R07	BWS-W3-T27	27	S3	26	docs/038_observability_metrics_and_evidence_contract.md|packages/bootstrap/src/operations/external-runtime-preflight.ts|packages/bootstrap/src/operations/observability.ts|packages/bootstrap/src/operations/paper-runtime-evidence.ts|packages/bootstrap/src/operations/paper-runtime-handoff.ts	BWS120-R07-005-TEST-01|BWS120-R07-005-TEST-02|BWS120-R07-005-TEST-03|BWS120-R07-005-TEST-04|BWS120-R07-005-TEST-05|BWS120-R07-005-TEST-06	restart_or_recovery|unit_or_integration	NODE20_OR_LANGUAGE_NEUTRAL_OFFLINE_OR_CONTROLLED_INTEGRATION	true	true	false	true	true	false
BWS120-R07-008	Retention classes are recorded but no reference-aware retention or pruning lifecycle is implemented	P2	R07	BWS-W3-T27	27	S3	26	docs/038_observability_metrics_and_evidence_contract.md|packages/bootstrap/src/operations/external-runtime-preflight.ts|packages/bootstrap/src/operations/observability.ts|packages/bootstrap/src/operations/paper-runtime-evidence.ts|packages/bootstrap/src/operations/paper-runtime-handoff.ts	BWS120-R07-008-TEST-01|BWS120-R07-008-TEST-02|BWS120-R07-008-TEST-03|BWS120-R07-008-TEST-04|BWS120-R07-008-TEST-05|BWS120-R07-008-TEST-06	evidence_or_artifact|release_or_deployment|restart_or_recovery|unit_or_integration	NODE20_OR_LANGUAGE_NEUTRAL_OFFLINE_OR_CONTROLLED_INTEGRATION	true	true	false	false	true	false
BWS120-R07-012	Diagnostics, runtime-evidence, and handoff outputs bypass the canonical evidence index and publication transaction	P1	R07	BWS-W3-T27	27	S3	26	docs/038_observability_metrics_and_evidence_contract.md|packages/bootstrap/src/operations/external-runtime-preflight.ts|packages/bootstrap/src/operations/observability.ts|packages/bootstrap/src/operations/paper-runtime-evidence.ts|packages/bootstrap/src/operations/paper-runtime-handoff.ts	BWS120-R07-012-TEST-01|BWS120-R07-012-TEST-02|BWS120-R07-012-TEST-03|BWS120-R07-012-TEST-04|BWS120-R07-012-TEST-05|BWS120-R07-012-TEST-06	persistence_or_migration|restart_or_recovery|unit_or_integration	NODE20_OR_LANGUAGE_NEUTRAL_OFFLINE_OR_CONTROLLED_INTEGRATION	true	true	false	true	true	false
BWS120-R07-014	Versioned handoff and latest pointer publish as two independent writes with no crash recovery or digest link	P1	R07	BWS-W3-T27	27	S3	26	docs/038_observability_metrics_and_evidence_contract.md|packages/bootstrap/src/operations/external-runtime-preflight.ts|packages/bootstrap/src/operations/observability.ts|packages/bootstrap/src/operations/paper-runtime-evidence.ts|packages/bootstrap/src/operations/paper-runtime-handoff.ts	BWS120-R07-014-TEST-01|BWS120-R07-014-TEST-02|BWS120-R07-014-TEST-03|BWS120-R07-014-TEST-04|BWS120-R07-014-TEST-05	concurrency_or_ownership|restart_or_recovery|unit_or_integration	NODE20_OR_LANGUAGE_NEUTRAL_OFFLINE_OR_CONTROLLED_INTEGRATION	true	true	false	true	true	false
BWS120-R09-001	Install verification records incompatible runtimes and an unperformed server check as a passed preflight	P1	R09	BWS-W3-T33	33	S3	27	packages/bootstrap/src/operations/external-runtime-preflight.ts|packages/bootstrap/src/operations/release-packaging.ts|packages/bootstrap/src/operations/release-upgrade.ts|tests/bws-release-packaging.test.ts|tests/bws-release-upgrade.test.ts	BWS120-R09-001-TEST-01|BWS120-R09-001-TEST-02|BWS120-R09-001-TEST-03|BWS120-R09-001-TEST-04|BWS120-R09-001-TEST-05	persistence_or_migration|release_or_deployment|unit_or_integration	NODE20_OR_LANGUAGE_NEUTRAL_OFFLINE_OR_CONTROLLED_INTEGRATION	true	false	false	true	true	false
BWS120-R09-002	Install and upgrade verification permit release-directory evidence without the published archive	P1	R09	BWS-W3-T33	33	S3	27	packages/bootstrap/src/operations/external-runtime-preflight.ts|packages/bootstrap/src/operations/release-packaging.ts|packages/bootstrap/src/operations/release-upgrade.ts|tests/bws-release-packaging.test.ts|tests/bws-release-upgrade.test.ts	BWS120-R09-002-TEST-01|BWS120-R09-002-TEST-02|BWS120-R09-002-TEST-03|BWS120-R09-002-TEST-04|BWS120-R09-002-TEST-05	release_or_deployment|restart_or_recovery	NODE20_OR_LANGUAGE_NEUTRAL_OFFLINE_OR_CONTROLLED_INTEGRATION	true	false	false	true	true	false
BWS120-R09-003	Unmanifested non-forbidden files can pass checksum and archive verification	P1	R09	BWS-W3-T33	33	S3	27	packages/bootstrap/src/operations/external-runtime-preflight.ts|packages/bootstrap/src/operations/release-packaging.ts|packages/bootstrap/src/operations/release-upgrade.ts|tests/bws-release-packaging.test.ts|tests/bws-release-upgrade.test.ts	BWS120-R09-003-TEST-01|BWS120-R09-003-TEST-02|BWS120-R09-003-TEST-03|BWS120-R09-003-TEST-04|BWS120-R09-003-TEST-05	evidence_or_artifact|release_or_deployment|security_or_confinement|unit_or_integration	NODE20_OR_LANGUAGE_NEUTRAL_OFFLINE_OR_CONTROLLED_INTEGRATION	true	false	false	true	true	false
BWS120-R09-004	Release publication is a non-transactional sequence that can expose mixed generations or delete the previous release	P1	R09	BWS-W3-T33	33	S3	27	packages/bootstrap/src/operations/external-runtime-preflight.ts|packages/bootstrap/src/operations/release-packaging.ts|packages/bootstrap/src/operations/release-upgrade.ts|tests/bws-release-packaging.test.ts|tests/bws-release-upgrade.test.ts	BWS120-R09-004-TEST-01|BWS120-R09-004-TEST-02|BWS120-R09-004-TEST-03|BWS120-R09-004-TEST-04|BWS120-R09-004-TEST-05	concurrency_or_ownership|evidence_or_artifact|release_or_deployment|unit_or_integration	NODE20_OR_LANGUAGE_NEUTRAL_OFFLINE_OR_CONTROLLED_INTEGRATION	true	false	false	true	true	false
BWS116-R03-012	Checkpoint, dead-letter, B1 child-row, and expired-lease reads are unbounded	P2	R03	BWS-W1-T13	13	S4	28	database/migrations/surebet/005_create_upstream_export_convergence_checkpoints.sql|database/migrations/surebet/006_create_upstream_api_convergence_checkpoints.sql|docs/037_database_backup_retention_and_recovery.md|packages/bootstrap/src/operations/database-lifecycle.ts|packages/persistence/src/repositories/b1-backtest-run-repository.ts|packages/persistence/src/repositories/worker-job-repository.ts	BWS116-R03-012-TEST-01|BWS116-R03-012-TEST-02|BWS116-R03-012-TEST-03|BWS116-R03-012-TEST-04	concurrency_or_fencing|persistence_or_migration|unit_or_integration	DISPOSABLE_POSTGRESQL_AND_NODE20	false	false	false	true	true	false
BWS116-R03-013	Import-run retention ignores convergence references, causing either deletion failure or dangling durable identity	P1	R03	BWS-W1-T13	13	S4	28	database/migrations/surebet/005_create_upstream_export_convergence_checkpoints.sql|database/migrations/surebet/006_create_upstream_api_convergence_checkpoints.sql|docs/037_database_backup_retention_and_recovery.md|packages/bootstrap/src/operations/database-lifecycle.ts|packages/persistence/src/repositories/b1-backtest-run-repository.ts|packages/persistence/src/repositories/worker-job-repository.ts	BWS116-R03-013-TEST-01|BWS116-R03-013-TEST-02|BWS116-R03-013-TEST-03|BWS116-R03-013-TEST-04	concurrency_or_fencing|unit_or_integration|upstream_integration	DISPOSABLE_POSTGRESQL_AND_NODE20	false	false	false	true	true	false
BWS118-R04-001	Completion replay has no immutable event or attempt identity, so duplicates are either rejected as ambiguous or applied twice	P1	R04	BWS-W2-T14	14	S4	29	packages/bootstrap/src/runtime/private-paper-runtime.ts|packages/bootstrap/src/simulation/b1-leg-completion.ts|packages/bootstrap/src/simulation/non-atomic-completion.ts	BWS118-R04-001-TEST-01|BWS118-R04-001-TEST-02|BWS118-R04-001-TEST-03|BWS118-R04-001-TEST-04	evidence_or_artifact|restart_or_recovery|unit_or_contract	NODE20_AND_DISPOSABLE_LOCAL_DEPENDENCIES_AS_REQUIRED	true	true	true	true	true	false
BWS118-R04-003	Standard partial fill followed by rejection or expiry loses the terminal disposition in the public leg snapshot	P1	R04	BWS-W2-T14	14	S4	29	packages/bootstrap/src/runtime/private-paper-runtime.ts|packages/bootstrap/src/simulation/b1-leg-completion.ts|packages/bootstrap/src/simulation/non-atomic-completion.ts	BWS118-R04-003-TEST-01|BWS118-R04-003-TEST-02|BWS118-R04-003-TEST-03|BWS118-R04-003-TEST-04	restart_or_recovery|simulation_or_economics|unit_or_contract	NODE20_AND_DISPOSABLE_LOCAL_DEPENDENCIES_AS_REQUIRED	true	true	false	true	true	false
BWS118-R04-004	Manual or residual-floor kill is an unordered boolean that can retroactively relabel a fully completed group as killed	P1	R04	BWS-W2-T14	14	S4	29	packages/bootstrap/src/runtime/private-paper-runtime.ts|packages/bootstrap/src/simulation/b1-leg-completion.ts|packages/bootstrap/src/simulation/non-atomic-completion.ts	BWS118-R04-004-TEST-01|BWS118-R04-004-TEST-02|BWS118-R04-004-TEST-03|BWS118-R04-004-TEST-04	restart_or_recovery|simulation_or_economics|unit_or_contract	NODE20_AND_DISPOSABLE_LOCAL_DEPENDENCIES_AS_REQUIRED	true	true	false	true	true	false
BWS116-R02-003	B1 synchronization is pair-local and can combine terminal outcomes outside the configured global quote window	P1	R02	BWS-W1-T07	7	S4	30	packages/bootstrap/src/backtest/b1-cross-venue-backtest.ts|packages/bootstrap/src/contracts/b1-local-types.ts|packages/bootstrap/src/contracts/betting-win-resource-records.ts|packages/bootstrap/src/economics/b1-fee-matrix.ts|packages/bootstrap/src/economics/b1-net-spread.ts|packages/bootstrap/src/opportunity/b1-cross-venue-derivation.ts|packages/bootstrap/src/opportunity/b1-gross-spread.ts|packages/bootstrap/src/opportunity/standard-binary-stake-solver.ts|packages/bootstrap/src/quotes/b1-capacity-model.ts|packages/bootstrap/src/quotes/b1-quote-synchronization.ts|packages/bootstrap/src/quotes/quote-freshness.ts|packages/bootstrap/src/solver/b1-generalized-stake-vector.ts|packages/bootstrap/src/solver/stake-vector.ts	BWS116-R02-003-TEST-01|BWS116-R02-003-TEST-02|BWS116-R02-003-TEST-03	unit_or_integration	NODE20_OR_LANGUAGE_NEUTRAL_OFFLINE	false	false	false	true	false	false
BWS116-R02-004	B1 net economics accepts selected odds that are not value-bound to synchronized quote evidence	P1	R02	BWS-W1-T07	7	S4	30	packages/bootstrap/src/backtest/b1-cross-venue-backtest.ts|packages/bootstrap/src/contracts/b1-local-types.ts|packages/bootstrap/src/contracts/betting-win-resource-records.ts|packages/bootstrap/src/economics/b1-fee-matrix.ts|packages/bootstrap/src/economics/b1-net-spread.ts|packages/bootstrap/src/opportunity/b1-cross-venue-derivation.ts|packages/bootstrap/src/opportunity/b1-gross-spread.ts|packages/bootstrap/src/opportunity/standard-binary-stake-solver.ts|packages/bootstrap/src/quotes/b1-capacity-model.ts|packages/bootstrap/src/quotes/b1-quote-synchronization.ts|packages/bootstrap/src/quotes/quote-freshness.ts|packages/bootstrap/src/solver/b1-generalized-stake-vector.ts|packages/bootstrap/src/solver/stake-vector.ts	BWS116-R02-004-TEST-01|BWS116-R02-004-TEST-02|BWS116-R02-004-TEST-03|BWS116-R02-004-TEST-04	identity_or_determinism|mathematics_or_property|unit_or_integration	NODE20_OR_LANGUAGE_NEUTRAL_OFFLINE	false	false	false	true	false	false
BWS116-R02-005	B1 integrated solver and net path is not bound to quote capacity or venue-limit decisions	P1	R02	BWS-W1-T07	7	S4	30	packages/bootstrap/src/backtest/b1-cross-venue-backtest.ts|packages/bootstrap/src/contracts/b1-local-types.ts|packages/bootstrap/src/contracts/betting-win-resource-records.ts|packages/bootstrap/src/economics/b1-fee-matrix.ts|packages/bootstrap/src/economics/b1-net-spread.ts|packages/bootstrap/src/opportunity/b1-cross-venue-derivation.ts|packages/bootstrap/src/opportunity/b1-gross-spread.ts|packages/bootstrap/src/opportunity/standard-binary-stake-solver.ts|packages/bootstrap/src/quotes/b1-capacity-model.ts|packages/bootstrap/src/quotes/b1-quote-synchronization.ts|packages/bootstrap/src/quotes/quote-freshness.ts|packages/bootstrap/src/solver/b1-generalized-stake-vector.ts|packages/bootstrap/src/solver/stake-vector.ts	BWS116-R02-005-TEST-01|BWS116-R02-005-TEST-02|BWS116-R02-005-TEST-03|BWS116-R02-005-TEST-04	mathematics_or_property	NODE20_OR_LANGUAGE_NEUTRAL_OFFLINE	false	false	false	true	false	false
BWS116-R02-010	Standard-binary quote freshness is per leg and permits an asynchronous YES/NO snapshot	P1	R02	BWS-W1-T07	7	S4	30	packages/bootstrap/src/backtest/b1-cross-venue-backtest.ts|packages/bootstrap/src/contracts/b1-local-types.ts|packages/bootstrap/src/contracts/betting-win-resource-records.ts|packages/bootstrap/src/economics/b1-fee-matrix.ts|packages/bootstrap/src/economics/b1-net-spread.ts|packages/bootstrap/src/opportunity/b1-cross-venue-derivation.ts|packages/bootstrap/src/opportunity/b1-gross-spread.ts|packages/bootstrap/src/opportunity/standard-binary-stake-solver.ts|packages/bootstrap/src/quotes/b1-capacity-model.ts|packages/bootstrap/src/quotes/b1-quote-synchronization.ts|packages/bootstrap/src/quotes/quote-freshness.ts|packages/bootstrap/src/solver/b1-generalized-stake-vector.ts|packages/bootstrap/src/solver/stake-vector.ts	BWS116-R02-010-TEST-01|BWS116-R02-010-TEST-02|BWS116-R02-010-TEST-03|BWS116-R02-010-TEST-04	identity_or_determinism|unit_or_integration	NODE20_OR_LANGUAGE_NEUTRAL_OFFLINE	false	false	false	true	false	false
BWS116-R02-011	Standard-binary quote contract omits stake increment and silently substitutes minimum stake as the rounding step	P1	R02	BWS-W1-T07	7	S4	30	packages/bootstrap/src/backtest/b1-cross-venue-backtest.ts|packages/bootstrap/src/contracts/b1-local-types.ts|packages/bootstrap/src/contracts/betting-win-resource-records.ts|packages/bootstrap/src/economics/b1-fee-matrix.ts|packages/bootstrap/src/economics/b1-net-spread.ts|packages/bootstrap/src/opportunity/b1-cross-venue-derivation.ts|packages/bootstrap/src/opportunity/b1-gross-spread.ts|packages/bootstrap/src/opportunity/standard-binary-stake-solver.ts|packages/bootstrap/src/quotes/b1-capacity-model.ts|packages/bootstrap/src/quotes/b1-quote-synchronization.ts|packages/bootstrap/src/quotes/quote-freshness.ts|packages/bootstrap/src/solver/b1-generalized-stake-vector.ts|packages/bootstrap/src/solver/stake-vector.ts	BWS116-R02-011-TEST-01|BWS116-R02-011-TEST-02|BWS116-R02-011-TEST-03|BWS116-R02-011-TEST-04|BWS116-R02-011-TEST-05	mathematics_or_property|unit_or_integration	NODE20_OR_LANGUAGE_NEUTRAL_OFFLINE	false	false	false	true	false	false
BWS116-R02-014	B1 fee matrix cannot represent scenario-conditional or non-stake fee bases accepted by its venue-type domain	P1	R02	BWS-W1-T07	7	S4	30	packages/bootstrap/src/backtest/b1-cross-venue-backtest.ts|packages/bootstrap/src/contracts/b1-local-types.ts|packages/bootstrap/src/contracts/betting-win-resource-records.ts|packages/bootstrap/src/economics/b1-fee-matrix.ts|packages/bootstrap/src/economics/b1-net-spread.ts|packages/bootstrap/src/opportunity/b1-cross-venue-derivation.ts|packages/bootstrap/src/opportunity/b1-gross-spread.ts|packages/bootstrap/src/opportunity/standard-binary-stake-solver.ts|packages/bootstrap/src/quotes/b1-capacity-model.ts|packages/bootstrap/src/quotes/b1-quote-synchronization.ts|packages/bootstrap/src/quotes/quote-freshness.ts|packages/bootstrap/src/solver/b1-generalized-stake-vector.ts|packages/bootstrap/src/solver/stake-vector.ts	BWS116-R02-014-TEST-01|BWS116-R02-014-TEST-02|BWS116-R02-014-TEST-03|BWS116-R02-014-TEST-04	mathematics_or_property|unit_or_integration	NODE20_OR_LANGUAGE_NEUTRAL_OFFLINE	false	false	false	true	false	false
BWS116-R02-006	B1 generalized solver can reject feasible two-way and three-way integer stake vectors	P1	R02	BWS-W1-T08	8	S4	31	packages/bootstrap/src/scenarios/scenario-cashflow.ts|packages/bootstrap/src/solver/b1-generalized-stake-vector.ts|packages/bootstrap/src/solver/stake-vector.ts	BWS116-R02-006-TEST-01|BWS116-R02-006-TEST-02|BWS116-R02-006-TEST-03|BWS116-R02-006-TEST-04|BWS116-R02-006-TEST-05	mathematics_or_property|unit_or_integration	NODE20_OR_LANGUAGE_NEUTRAL_OFFLINE	false	false	false	true	false	false
BWS116-R02-012	Standard scenario cash-flow validator accepts incomplete and non-rectangular matrices	P1	R02	BWS-W1-T08	8	S4	31	packages/bootstrap/src/scenarios/scenario-cashflow.ts|packages/bootstrap/src/solver/b1-generalized-stake-vector.ts|packages/bootstrap/src/solver/stake-vector.ts	BWS116-R02-012-TEST-01|BWS116-R02-012-TEST-02|BWS116-R02-012-TEST-03|BWS116-R02-012-TEST-04	unit_or_integration	NODE20_OR_LANGUAGE_NEUTRAL_OFFLINE	false	false	false	true	false	false
BWS118-R04-002	Fill simulation records stake only and reuses planned odds and cash-flow terms instead of actual execution terms	P1	R04	BWS-W2-T15	15	S4	32	packages/bootstrap/src/economics/b1-net-spread.ts|packages/bootstrap/src/scenarios/b1-scenario-cashflow.ts|packages/bootstrap/src/simulation/b1-leg-completion.ts|packages/bootstrap/src/simulation/b1-residual-exposure.ts|packages/bootstrap/src/simulation/b1-settlement-replay.ts|packages/bootstrap/src/simulation/non-atomic-completion.ts	BWS118-R04-002-TEST-01|BWS118-R04-002-TEST-02|BWS118-R04-002-TEST-03|BWS118-R04-002-TEST-04	simulation_or_economics	NODE20_AND_DISPOSABLE_LOCAL_DEPENDENCIES_AS_REQUIRED	true	true	true	true	true	false
BWS118-R04-005	B1 settlement and false-positive economics omit fees, quote-age penalties, and capital-lock cost accepted by net evaluation	P1	R04	BWS-W2-T15	15	S4	32	packages/bootstrap/src/economics/b1-net-spread.ts|packages/bootstrap/src/scenarios/b1-scenario-cashflow.ts|packages/bootstrap/src/simulation/b1-leg-completion.ts|packages/bootstrap/src/simulation/b1-residual-exposure.ts|packages/bootstrap/src/simulation/b1-settlement-replay.ts|packages/bootstrap/src/simulation/non-atomic-completion.ts	BWS118-R04-005-TEST-01|BWS118-R04-005-TEST-02|BWS118-R04-005-TEST-03|BWS118-R04-005-TEST-04	api_or_projection|simulation_or_economics|unit_or_contract	NODE20_AND_DISPOSABLE_LOCAL_DEPENDENCIES_AS_REQUIRED	true	false	true	true	true	false
BWS118-R04-006	Settlement domains cannot represent void, refund, push, reopen, or generation lifecycle despite claiming replay coverage	P1	R04	BWS-W2-T16	16	S4	33	packages/bootstrap/src/backtest/b1-cross-venue-backtest.ts|packages/bootstrap/src/backtest/standard-binary-backtest.ts|packages/bootstrap/src/simulation/b1-settlement-replay.ts|packages/bootstrap/src/simulation/b1-void-rule-replay.ts|packages/bootstrap/src/simulation/settlement-replay.ts	BWS118-R04-006-TEST-01|BWS118-R04-006-TEST-02|BWS118-R04-006-TEST-03|BWS118-R04-006-TEST-04	cancellation_or_timeout|concurrency_or_ownership|restart_or_recovery|simulation_or_economics	NODE20_AND_DISPOSABLE_LOCAL_DEPENDENCIES_AS_REQUIRED	true	true	true	true	true	false
BWS118-R04-007	Correction and finality progression are inferred from timestamp and outcome changes without explicit revision authority	P1	R04	BWS-W2-T16	16	S4	33	packages/bootstrap/src/backtest/b1-cross-venue-backtest.ts|packages/bootstrap/src/backtest/standard-binary-backtest.ts|packages/bootstrap/src/simulation/b1-settlement-replay.ts|packages/bootstrap/src/simulation/b1-void-rule-replay.ts|packages/bootstrap/src/simulation/settlement-replay.ts	BWS118-R04-007-TEST-01|BWS118-R04-007-TEST-02|BWS118-R04-007-TEST-03|BWS118-R04-007-TEST-04	concurrency_or_ownership|evidence_or_artifact|restart_or_recovery|unit_or_contract	NODE20_AND_DISPOSABLE_LOCAL_DEPENDENCIES_AS_REQUIRED	true	true	true	true	true	false
BWS118-R04-008	B1 backtest has no cross-stage decision chronology and accepts settlement before quotes with fills after settlement	P1	R04	BWS-W2-T16	16	S4	33	packages/bootstrap/src/backtest/b1-cross-venue-backtest.ts|packages/bootstrap/src/backtest/standard-binary-backtest.ts|packages/bootstrap/src/simulation/b1-settlement-replay.ts|packages/bootstrap/src/simulation/b1-void-rule-replay.ts|packages/bootstrap/src/simulation/settlement-replay.ts	BWS118-R04-008-TEST-01|BWS118-R04-008-TEST-02|BWS118-R04-008-TEST-03|BWS118-R04-008-TEST-04|BWS118-R04-008-TEST-05	simulation_or_economics|unit_or_contract	NODE20_AND_DISPOSABLE_LOCAL_DEPENDENCIES_AS_REQUIRED	true	false	true	true	true	false
BWS116-R03-014	Standard private-paper retries do not reconstruct durable previous cycle state	P1	R03	BWS-W1-T12	12	S4	34	database/migrations/surebet/003_create_strategy_ledger_entries.sql|database/migrations/surebet/009_create_b1_backtest_runs.sql|database/migrations/surebet/010_create_b1_candidate_snapshots.sql|database/migrations/surebet/011_create_b1_simulation_results.sql|database/migrations/surebet/012_create_b1_private_observation_cycles.sql|packages/bootstrap/src/runtime/private-paper-runtime.ts|packages/bootstrap/src/strategy/strategy-ledger.ts|packages/bootstrap/src/workers/b1-private-observation-jobs.ts|packages/bootstrap/src/workers/bounded-job-worker.ts|packages/bootstrap/src/workers/private-paper-runtime-jobs.ts|packages/persistence/src/repositories/b1-backtest-run-repository.ts|packages/persistence/src/repositories/b1-private-observation-repository.ts	BWS116-R03-014-TEST-01|BWS116-R03-014-TEST-02|BWS116-R03-014-TEST-03|BWS116-R03-014-TEST-04	persistence_or_migration|unit_or_integration	DISPOSABLE_POSTGRESQL_AND_NODE20	true	false	false	true	true	false
BWS116-R03-015	B1 backtest persistence commits the parent before children and suppresses repair on replay	P1	R03	BWS-W1-T12	12	S4	34	database/migrations/surebet/003_create_strategy_ledger_entries.sql|database/migrations/surebet/009_create_b1_backtest_runs.sql|database/migrations/surebet/010_create_b1_candidate_snapshots.sql|database/migrations/surebet/011_create_b1_simulation_results.sql|database/migrations/surebet/012_create_b1_private_observation_cycles.sql|packages/bootstrap/src/runtime/private-paper-runtime.ts|packages/bootstrap/src/strategy/strategy-ledger.ts|packages/bootstrap/src/workers/b1-private-observation-jobs.ts|packages/bootstrap/src/workers/bounded-job-worker.ts|packages/bootstrap/src/workers/private-paper-runtime-jobs.ts|packages/persistence/src/repositories/b1-backtest-run-repository.ts|packages/persistence/src/repositories/b1-private-observation-repository.ts	BWS116-R03-015-TEST-01|BWS116-R03-015-TEST-02|BWS116-R03-015-TEST-03|BWS116-R03-015-TEST-04|BWS116-R03-015-TEST-05	concurrency_or_fencing|restart_or_recovery|unit_or_integration	DISPOSABLE_POSTGRESQL_AND_NODE20	false	false	false	true	true	false
BWS116-R03-016	B1 observation terminality and worker-job terminality can diverge after a crash	P1	R03	BWS-W1-T12	12	S4	34	database/migrations/surebet/003_create_strategy_ledger_entries.sql|database/migrations/surebet/009_create_b1_backtest_runs.sql|database/migrations/surebet/010_create_b1_candidate_snapshots.sql|database/migrations/surebet/011_create_b1_simulation_results.sql|database/migrations/surebet/012_create_b1_private_observation_cycles.sql|packages/bootstrap/src/runtime/private-paper-runtime.ts|packages/bootstrap/src/strategy/strategy-ledger.ts|packages/bootstrap/src/workers/b1-private-observation-jobs.ts|packages/bootstrap/src/workers/bounded-job-worker.ts|packages/bootstrap/src/workers/private-paper-runtime-jobs.ts|packages/persistence/src/repositories/b1-backtest-run-repository.ts|packages/persistence/src/repositories/b1-private-observation-repository.ts	BWS116-R03-016-TEST-01|BWS116-R03-016-TEST-02|BWS116-R03-016-TEST-03|BWS116-R03-016-TEST-04	restart_or_recovery|unit_or_integration	DISPOSABLE_POSTGRESQL_AND_NODE20	false	false	false	true	true	false
BWS118-R04-009	B1 report labels in-limit incomplete, rejected, or timed-out simulations as accepted and fillable while discarding leg state	P1	R04	BWS-W2-T17	17	S4	35	packages/bootstrap/src/backtest/b1-cross-venue-backtest.ts|packages/bootstrap/src/backtest/standard-binary-backtest.ts|packages/bootstrap/src/operations/b1-runtime-evidence.ts|packages/bootstrap/src/opportunity/b1-cross-venue-derivation.ts|packages/bootstrap/src/reporting/b1-backtest-report.ts|packages/bootstrap/src/reporting/b1-false-positive-report.ts|packages/bootstrap/src/runtime/private-paper-runtime.ts|packages/bootstrap/src/simulation/b1-leg-completion.ts|packages/bootstrap/src/simulation/leg-completion.ts|packages/bootstrap/src/simulation/partial-fill.ts|packages/bootstrap/src/strategy/strategy-ledger.ts|tests/leg-completion.test.ts	BWS118-R04-009-TEST-01|BWS118-R04-009-TEST-02|BWS118-R04-009-TEST-03|BWS118-R04-009-TEST-04	simulation_or_economics|unit_or_contract	NODE20_AND_DISPOSABLE_LOCAL_DEPENDENCIES_AS_REQUIRED	true	false	true	true	true	false
BWS118-R04-010	B1 false-positive analysis excludes failures before settlement and computes the rate only over accepted settlements	P1	R04	BWS-W2-T17	17	S4	35	packages/bootstrap/src/backtest/b1-cross-venue-backtest.ts|packages/bootstrap/src/backtest/standard-binary-backtest.ts|packages/bootstrap/src/operations/b1-runtime-evidence.ts|packages/bootstrap/src/opportunity/b1-cross-venue-derivation.ts|packages/bootstrap/src/reporting/b1-backtest-report.ts|packages/bootstrap/src/reporting/b1-false-positive-report.ts|packages/bootstrap/src/runtime/private-paper-runtime.ts|packages/bootstrap/src/simulation/b1-leg-completion.ts|packages/bootstrap/src/simulation/leg-completion.ts|packages/bootstrap/src/simulation/partial-fill.ts|packages/bootstrap/src/strategy/strategy-ledger.ts|tests/leg-completion.test.ts	BWS118-R04-010-TEST-01|BWS118-R04-010-TEST-02|BWS118-R04-010-TEST-03|BWS118-R04-010-TEST-04	simulation_or_economics|unit_or_contract	NODE20_AND_DISPOSABLE_LOCAL_DEPENDENCIES_AS_REQUIRED	true	false	true	true	true	false
BWS118-R04-011	B1 marketsCompared counts venue-pair candidates rather than unique markets and can inflate the 50,000-market gate	P1	R04	BWS-W2-T17	17	S4	35	packages/bootstrap/src/backtest/b1-cross-venue-backtest.ts|packages/bootstrap/src/backtest/standard-binary-backtest.ts|packages/bootstrap/src/operations/b1-runtime-evidence.ts|packages/bootstrap/src/opportunity/b1-cross-venue-derivation.ts|packages/bootstrap/src/reporting/b1-backtest-report.ts|packages/bootstrap/src/reporting/b1-false-positive-report.ts|packages/bootstrap/src/runtime/private-paper-runtime.ts|packages/bootstrap/src/simulation/b1-leg-completion.ts|packages/bootstrap/src/simulation/leg-completion.ts|packages/bootstrap/src/simulation/partial-fill.ts|packages/bootstrap/src/strategy/strategy-ledger.ts|tests/leg-completion.test.ts	BWS118-R04-011-TEST-01|BWS118-R04-011-TEST-02|BWS118-R04-011-TEST-03|BWS118-R04-011-TEST-04	simulation_or_economics	NODE20_AND_DISPOSABLE_LOCAL_DEPENDENCIES_AS_REQUIRED	true	false	true	true	true	false
BWS118-R04-012	Standard backtest and private-paper strategy reports discard per-leg lifecycle evidence while labeling candidates accepted_local_evidence	P1	R04	BWS-W2-T17	17	S4	35	packages/bootstrap/src/backtest/b1-cross-venue-backtest.ts|packages/bootstrap/src/backtest/standard-binary-backtest.ts|packages/bootstrap/src/operations/b1-runtime-evidence.ts|packages/bootstrap/src/opportunity/b1-cross-venue-derivation.ts|packages/bootstrap/src/reporting/b1-backtest-report.ts|packages/bootstrap/src/reporting/b1-false-positive-report.ts|packages/bootstrap/src/runtime/private-paper-runtime.ts|packages/bootstrap/src/simulation/b1-leg-completion.ts|packages/bootstrap/src/simulation/leg-completion.ts|packages/bootstrap/src/simulation/partial-fill.ts|packages/bootstrap/src/strategy/strategy-ledger.ts|tests/leg-completion.test.ts	BWS118-R04-012-TEST-01|BWS118-R04-012-TEST-02|BWS118-R04-012-TEST-03|BWS118-R04-012-TEST-04	concurrency_or_ownership|evidence_or_artifact|unit_or_contract	NODE20_AND_DISPOSABLE_LOCAL_DEPENDENCIES_AS_REQUIRED	true	true	false	true	true	false
BWS118-R04-013	B1 false-positive report throws on malformed top-level or observation objects instead of returning a blocked boundary result	P2	R04	BWS-W2-T17	17	S4	35	packages/bootstrap/src/backtest/b1-cross-venue-backtest.ts|packages/bootstrap/src/backtest/standard-binary-backtest.ts|packages/bootstrap/src/operations/b1-runtime-evidence.ts|packages/bootstrap/src/opportunity/b1-cross-venue-derivation.ts|packages/bootstrap/src/reporting/b1-backtest-report.ts|packages/bootstrap/src/reporting/b1-false-positive-report.ts|packages/bootstrap/src/runtime/private-paper-runtime.ts|packages/bootstrap/src/simulation/b1-leg-completion.ts|packages/bootstrap/src/simulation/leg-completion.ts|packages/bootstrap/src/simulation/partial-fill.ts|packages/bootstrap/src/strategy/strategy-ledger.ts|tests/leg-completion.test.ts	BWS118-R04-013-TEST-01|BWS118-R04-013-TEST-02|BWS118-R04-013-TEST-03	unit_or_contract	NODE20_AND_DISPOSABLE_LOCAL_DEPENDENCIES_AS_REQUIRED	true	false	true	true	false	false
BWS118-R04-014	Exported partial-fill status falsely identifies a legacy state machine that has no partial-fill state	P2	R04	BWS-W2-T17	17	S4	35	packages/bootstrap/src/backtest/b1-cross-venue-backtest.ts|packages/bootstrap/src/backtest/standard-binary-backtest.ts|packages/bootstrap/src/operations/b1-runtime-evidence.ts|packages/bootstrap/src/opportunity/b1-cross-venue-derivation.ts|packages/bootstrap/src/reporting/b1-backtest-report.ts|packages/bootstrap/src/reporting/b1-false-positive-report.ts|packages/bootstrap/src/runtime/private-paper-runtime.ts|packages/bootstrap/src/simulation/b1-leg-completion.ts|packages/bootstrap/src/simulation/leg-completion.ts|packages/bootstrap/src/simulation/partial-fill.ts|packages/bootstrap/src/strategy/strategy-ledger.ts|tests/leg-completion.test.ts	BWS118-R04-014-TEST-01|BWS118-R04-014-TEST-02|BWS118-R04-014-TEST-03	security_or_confinement|simulation_or_economics|unit_or_contract	NODE20_AND_DISPOSABLE_LOCAL_DEPENDENCIES_AS_REQUIRED	true	false	false	true	false	false
BWS118-R05-001	The HTTP boundary collapses validation, policy, persistence, and internal failures into HTTP 400 and returns raw exception text	P2	R05	BWS-W2-T18	18	S5	36	apps/web/src/api/client.ts|packages/bootstrap/src/api/bws-read-only-query-http.ts|packages/bootstrap/src/api/bws-read-only-query-service.ts	BWS118-R05-001-TEST-01|BWS118-R05-001-TEST-02|BWS118-R05-001-TEST-03|BWS118-R05-001-TEST-04	persistence_or_migration|unit_or_contract	NODE20_AND_DISPOSABLE_LOCAL_DEPENDENCIES_AS_REQUIRED	true	false	false	true	false	false
BWS118-R05-006	Successful response envelopes omit the exact query, filter, sort, and snapshot scope, so empty wrong-scope pages pass client validation vacuously	P1	R05	BWS-W2-T18	18	S5	36	apps/web/src/api/client.ts|packages/bootstrap/src/api/bws-read-only-query-http.ts|packages/bootstrap/src/api/bws-read-only-query-service.ts	BWS118-R05-006-TEST-01|BWS118-R05-006-TEST-02|BWS118-R05-006-TEST-03|BWS118-R05-006-TEST-04	api_or_projection|unit_or_contract	NODE20_AND_DISPOSABLE_LOCAL_DEPENDENCIES_AS_REQUIRED	true	false	false	true	false	false
BWS118-R05-009	The cockpit accepts arbitrary non-empty service and upstream-client boundary identifiers instead of exact compatible versions	P1	R05	BWS-W2-T18	18	S5	36	apps/web/src/api/client.ts|packages/bootstrap/src/api/bws-read-only-query-http.ts|packages/bootstrap/src/api/bws-read-only-query-service.ts	BWS118-R05-009-TEST-01|BWS118-R05-009-TEST-02|BWS118-R05-009-TEST-03	unit_or_contract	NODE20_AND_DISPOSABLE_LOCAL_DEPENDENCIES_AS_REQUIRED	true	false	false	true	false	false
BWS118-R05-002	Pagination cursors are caller-forgeable position tokens with no immutable snapshot, version, or high-watermark binding	P1	R05	BWS-W2-T19	19	S5	37	apps/web/src/api/client.ts|apps/web/src/api/contracts.ts|apps/web/src/api/models.ts|apps/web/src/app/shell.tsx|packages/bootstrap/src/api/bws-read-only-query-service.ts|packages/bootstrap/src/operations/runtime-applications.ts	BWS118-R05-002-TEST-01|BWS118-R05-002-TEST-02|BWS118-R05-002-TEST-03|BWS118-R05-002-TEST-04|BWS118-R05-002-TEST-05	api_or_projection|concurrency_or_ownership|restart_or_recovery|unit_or_contract	NODE20_AND_DISPOSABLE_LOCAL_DEPENDENCIES_AS_REQUIRED	true	false	false	true	false	false
BWS118-R05-003	Private-paper runtime-cycle queries scan only a recent heuristic window and can return a false empty page with no continuation or truncation signal	P1	R05	BWS-W2-T19	19	S5	37	apps/web/src/api/client.ts|apps/web/src/api/contracts.ts|apps/web/src/api/models.ts|apps/web/src/app/shell.tsx|packages/bootstrap/src/api/bws-read-only-query-service.ts|packages/bootstrap/src/operations/runtime-applications.ts	BWS118-R05-003-TEST-01|BWS118-R05-003-TEST-02|BWS118-R05-003-TEST-03|BWS118-R05-003-TEST-04|BWS118-R05-003-TEST-05	api_or_projection|restart_or_recovery|unit_or_contract	NODE20_AND_DISPOSABLE_LOCAL_DEPENDENCIES_AS_REQUIRED	true	false	false	true	false	false
BWS118-R05-004	Maximum-size runtime-cycle reads expand into at least 50,000 synchronous dependency calls before optional provenance work	P2	R05	BWS-W2-T19	19	S5	37	apps/web/src/api/client.ts|apps/web/src/api/contracts.ts|apps/web/src/api/models.ts|apps/web/src/app/shell.tsx|packages/bootstrap/src/api/bws-read-only-query-service.ts|packages/bootstrap/src/operations/runtime-applications.ts	BWS118-R05-004-TEST-01|BWS118-R05-004-TEST-02|BWS118-R05-004-TEST-03|BWS118-R05-004-TEST-04	api_or_projection|cancellation_or_timeout|unit_or_contract	NODE20_AND_DISPOSABLE_LOCAL_DEPENDENCIES_AS_REQUIRED	true	false	false	true	false	false
BWS118-R05-005	The cockpit discards every server continuation and presents first-page counts, search, and local pagination as whole-scope data	P1	R05	BWS-W2-T19	19	S5	37	apps/web/src/api/client.ts|apps/web/src/api/contracts.ts|apps/web/src/api/models.ts|apps/web/src/app/shell.tsx|packages/bootstrap/src/api/bws-read-only-query-service.ts|packages/bootstrap/src/operations/runtime-applications.ts	BWS118-R05-005-TEST-01|BWS118-R05-005-TEST-02|BWS118-R05-005-TEST-03|BWS118-R05-005-TEST-04	api_or_projection|evidence_or_artifact|unit_or_contract	NODE20_AND_DISPOSABLE_LOCAL_DEPENDENCIES_AS_REQUIRED	true	false	false	true	false	false
BWS118-R05-007	The cockpit combines seven independently timed pages into one apparent snapshot without a shared coherence receipt	P1	R05	BWS-W2-T19	19	S5	37	apps/web/src/api/client.ts|apps/web/src/api/contracts.ts|apps/web/src/api/models.ts|apps/web/src/app/shell.tsx|packages/bootstrap/src/api/bws-read-only-query-service.ts|packages/bootstrap/src/operations/runtime-applications.ts	BWS118-R05-007-TEST-01|BWS118-R05-007-TEST-02|BWS118-R05-007-TEST-03|BWS118-R05-007-TEST-04	concurrency_or_ownership|unit_or_contract	NODE20_AND_DISPOSABLE_LOCAL_DEPENDENCIES_AS_REQUIRED	true	false	false	true	false	false
BWS118-R05-008	API and cockpit accept arbitrarily stale or future response timestamps and loaded state never transitions to stale	P1	R05	BWS-W2-T19	19	S5	37	apps/web/src/api/client.ts|apps/web/src/api/contracts.ts|apps/web/src/api/models.ts|apps/web/src/app/shell.tsx|packages/bootstrap/src/api/bws-read-only-query-service.ts|packages/bootstrap/src/operations/runtime-applications.ts	BWS118-R05-008-TEST-01|BWS118-R05-008-TEST-02|BWS118-R05-008-TEST-03|BWS118-R05-008-TEST-04	api_or_projection|unit_or_contract	NODE20_AND_DISPOSABLE_LOCAL_DEPENDENCIES_AS_REQUIRED	true	false	false	true	false	false
BWS118-R05-010	Selective wire validation weakens closed policy, terminal, fixed-point, status, and timestamp contracts to arbitrary non-empty strings	P1	R05	BWS-W2-T20	20	S5	38	apps/web/src/api/client.ts|apps/web/src/api/models.ts|apps/web/src/app/shell.tsx|packages/bootstrap/src/strategy/strategy-ledger.ts|packages/persistence/src/repositories/b1-backtest-run-repository.ts	BWS118-R05-010-TEST-01|BWS118-R05-010-TEST-02|BWS118-R05-010-TEST-03|BWS118-R05-010-TEST-04|BWS118-R05-010-TEST-05	simulation_or_economics|unit_or_contract	NODE20_AND_DISPOSABLE_LOCAL_DEPENDENCIES_AS_REQUIRED	true	false	false	true	false	false
BWS118-R05-011	The B1 browser contract rejects producer-valid null simulation results while accepting malformed child identity, economics, status, and time fields	P1	R05	BWS-W2-T20	20	S5	38	apps/web/src/api/client.ts|apps/web/src/api/models.ts|apps/web/src/app/shell.tsx|packages/bootstrap/src/strategy/strategy-ledger.ts|packages/persistence/src/repositories/b1-backtest-run-repository.ts	BWS118-R05-011-TEST-01|BWS118-R05-011-TEST-02|BWS118-R05-011-TEST-03|BWS118-R05-011-TEST-04|BWS118-R05-011-TEST-05	simulation_or_economics|unit_or_contract	NODE20_AND_DISPOSABLE_LOCAL_DEPENDENCIES_AS_REQUIRED	true	false	false	true	false	false
BWS118-R05-012	Cockpit loads are not request-generation-bound or cancellable, allowing a late older scope or route response to overwrite newer state	P1	R05	BWS-W2-T20	20	S5	38	apps/web/src/api/client.ts|apps/web/src/api/models.ts|apps/web/src/app/shell.tsx|packages/bootstrap/src/strategy/strategy-ledger.ts|packages/persistence/src/repositories/b1-backtest-run-repository.ts	BWS118-R05-012-TEST-01|BWS118-R05-012-TEST-02|BWS118-R05-012-TEST-03|BWS118-R05-012-TEST-04	concurrency_or_ownership|unit_or_contract	NODE20_AND_DISPOSABLE_LOCAL_DEPENDENCIES_AS_REQUIRED	true	false	false	true	false	false
BWS118-R05-013	The cockpit conflates source-empty, search-no-match, and evidence-scope states under the same empty labels	P2	R05	BWS-W2-T20	20	S5	38	apps/web/src/api/client.ts|apps/web/src/api/models.ts|apps/web/src/app/shell.tsx|packages/bootstrap/src/strategy/strategy-ledger.ts|packages/persistence/src/repositories/b1-backtest-run-repository.ts	BWS118-R05-013-TEST-01|BWS118-R05-013-TEST-02|BWS118-R05-013-TEST-03|BWS118-R05-013-TEST-04|BWS118-R05-013-TEST-05	evidence_or_artifact|unit_or_contract	NODE20_AND_DISPOSABLE_LOCAL_DEPENDENCIES_AS_REQUIRED	true	false	false	true	false	false
BWS120-R07-006	Loopback diagnostics accept non-2xx and schema-invalid JSON as successful health/readiness/metrics evidence	P1	R07	BWS-W3-T28	28	S5	39	packages/bootstrap/src/operations/observability.ts|packages/bootstrap/src/operations/paper-runtime-evidence.ts|run-paper-autopilot.sh|run-paper-evaluation.sh|tests/bws-observability.test.ts|tests/bws-paper-runtime-evidence.test.ts	BWS120-R07-006-TEST-01|BWS120-R07-006-TEST-02|BWS120-R07-006-TEST-03|BWS120-R07-006-TEST-04|BWS120-R07-006-TEST-05|BWS120-R07-006-TEST-06|BWS120-R07-006-TEST-07	cancellation_or_timeout|unit_or_integration	NODE20_OR_LANGUAGE_NEUTRAL_OFFLINE_OR_CONTROLLED_INTEGRATION	true	true	false	true	true	false
BWS120-R07-007	A failed metrics request is silently replaced by synthesized metrics that declare the API ready	P1	R07	BWS-W3-T28	28	S5	39	packages/bootstrap/src/operations/observability.ts|packages/bootstrap/src/operations/paper-runtime-evidence.ts|run-paper-autopilot.sh|run-paper-evaluation.sh|tests/bws-observability.test.ts|tests/bws-paper-runtime-evidence.test.ts	BWS120-R07-007-TEST-01|BWS120-R07-007-TEST-02|BWS120-R07-007-TEST-03|BWS120-R07-007-TEST-04|BWS120-R07-007-TEST-05	cancellation_or_timeout|unit_or_integration	NODE20_OR_LANGUAGE_NEUTRAL_OFFLINE_OR_CONTROLLED_INTEGRATION	true	true	false	true	true	false
BWS120-R07-009	BWS-600 readiness can be certified from one ready sample and does not require a continuously ready window	P1	R07	BWS-W3-T28	28	S5	39	packages/bootstrap/src/operations/observability.ts|packages/bootstrap/src/operations/paper-runtime-evidence.ts|run-paper-autopilot.sh|run-paper-evaluation.sh|tests/bws-observability.test.ts|tests/bws-paper-runtime-evidence.test.ts	BWS120-R07-009-TEST-01|BWS120-R07-009-TEST-02|BWS120-R07-009-TEST-03|BWS120-R07-009-TEST-04|BWS120-R07-009-TEST-05|BWS120-R07-009-TEST-06|BWS120-R07-009-TEST-07	restart_or_recovery|unit_or_integration	NODE20_OR_LANGUAGE_NEUTRAL_OFFLINE_OR_CONTROLLED_INTEGRATION	true	true	false	true	true	false
BWS120-R07-010	Runtime-evidence readiness is not bound to one exact source, data, process, campaign, and artifact generation	P1	R07	BWS-W3-T28	28	S5	39	packages/bootstrap/src/operations/observability.ts|packages/bootstrap/src/operations/paper-runtime-evidence.ts|run-paper-autopilot.sh|run-paper-evaluation.sh|tests/bws-observability.test.ts|tests/bws-paper-runtime-evidence.test.ts	BWS120-R07-010-TEST-01|BWS120-R07-010-TEST-02|BWS120-R07-010-TEST-03|BWS120-R07-010-TEST-04|BWS120-R07-010-TEST-05|BWS120-R07-010-TEST-06|BWS120-R07-010-TEST-07	evidence_or_artifact|security_or_confinement|unit_or_integration	NODE20_OR_LANGUAGE_NEUTRAL_OFFLINE_OR_CONTROLLED_INTEGRATION	true	true	false	true	true	false
BWS120-R07-011	Observation duration is governed by wall-clock strings and can be unbounded or prematurely complete after clock changes	P2	R07	BWS-W3-T28	28	S5	39	packages/bootstrap/src/operations/observability.ts|packages/bootstrap/src/operations/paper-runtime-evidence.ts|run-paper-autopilot.sh|run-paper-evaluation.sh|tests/bws-observability.test.ts|tests/bws-paper-runtime-evidence.test.ts	BWS120-R07-011-TEST-01|BWS120-R07-011-TEST-02|BWS120-R07-011-TEST-03|BWS120-R07-011-TEST-04|BWS120-R07-011-TEST-05	unit_or_integration	NODE20_OR_LANGUAGE_NEUTRAL_OFFLINE_OR_CONTROLLED_INTEGRATION	true	true	false	true	true	false
BWS120-R07-013	Runtime handoff can combine a lifecycle snapshot with a different source-tree generation	P1	R07	BWS-W3-T29	29	S5	40	.automation/lib/controller_hardening_v2.sh|check_progress.sh|docs/041_external_runtime_preflight_and_bws600_campaign.md|open_log.sh|packages/bootstrap/src/operations/b1-runtime-evidence.ts|packages/bootstrap/src/operations/external-runtime-preflight.ts|packages/bootstrap/src/operations/final-local-acceptance.ts|packages/bootstrap/src/operations/paper-runtime-handoff.ts|run-paper-autopilot.sh|run-paper-evaluation.sh|tests/b1-runtime-evidence.test.ts|tests/bws-final-local-acceptance.test.ts|watch_progress.sh	BWS120-R07-013-TEST-01|BWS120-R07-013-TEST-02|BWS120-R07-013-TEST-03|BWS120-R07-013-TEST-04|BWS120-R07-013-TEST-05	evidence_or_artifact|release_or_deployment|security_or_confinement|unit_or_integration	NODE20_OR_LANGUAGE_NEUTRAL_OFFLINE_OR_CONTROLLED_INTEGRATION	true	true	false	true	true	true
BWS120-R07-015	The selected BWS-600 controller never consumes or verifies the accepted external campaign manifest	P1	R07	BWS-W3-T29	29	S5	40	.automation/lib/controller_hardening_v2.sh|check_progress.sh|docs/041_external_runtime_preflight_and_bws600_campaign.md|open_log.sh|packages/bootstrap/src/operations/b1-runtime-evidence.ts|packages/bootstrap/src/operations/external-runtime-preflight.ts|packages/bootstrap/src/operations/final-local-acceptance.ts|packages/bootstrap/src/operations/paper-runtime-handoff.ts|run-paper-autopilot.sh|run-paper-evaluation.sh|tests/b1-runtime-evidence.test.ts|tests/bws-final-local-acceptance.test.ts|watch_progress.sh	BWS120-R07-015-TEST-01|BWS120-R07-015-TEST-02|BWS120-R07-015-TEST-03|BWS120-R07-015-TEST-04|BWS120-R07-015-TEST-05|BWS120-R07-015-TEST-06	evidence_or_artifact|persistence_or_migration|unit_or_integration	NODE20_OR_LANGUAGE_NEUTRAL_OFFLINE_OR_CONTROLLED_INTEGRATION	true	true	false	true	true	true
BWS120-R07-016	Paper-autopilot completion trusts a child status label and exit code without an evidence receipt	P1	R07	BWS-W3-T29	29	S5	40	.automation/lib/controller_hardening_v2.sh|check_progress.sh|docs/041_external_runtime_preflight_and_bws600_campaign.md|open_log.sh|packages/bootstrap/src/operations/b1-runtime-evidence.ts|packages/bootstrap/src/operations/external-runtime-preflight.ts|packages/bootstrap/src/operations/final-local-acceptance.ts|packages/bootstrap/src/operations/paper-runtime-handoff.ts|run-paper-autopilot.sh|run-paper-evaluation.sh|tests/b1-runtime-evidence.test.ts|tests/bws-final-local-acceptance.test.ts|watch_progress.sh	BWS120-R07-016-TEST-01|BWS120-R07-016-TEST-02|BWS120-R07-016-TEST-03|BWS120-R07-016-TEST-04|BWS120-R07-016-TEST-05|BWS120-R07-016-TEST-06	evidence_or_artifact|restart_or_recovery|unit_or_integration	NODE20_OR_LANGUAGE_NEUTRAL_OFFLINE_OR_CONTROLLED_INTEGRATION	true	true	false	true	true	true
BWS120-R07-017	Final-local runtime acceptance validates labels and file existence rather than cryptographic evidence relationships	P1	R07	BWS-W3-T29	29	S5	40	.automation/lib/controller_hardening_v2.sh|check_progress.sh|docs/041_external_runtime_preflight_and_bws600_campaign.md|open_log.sh|packages/bootstrap/src/operations/b1-runtime-evidence.ts|packages/bootstrap/src/operations/external-runtime-preflight.ts|packages/bootstrap/src/operations/final-local-acceptance.ts|packages/bootstrap/src/operations/paper-runtime-handoff.ts|run-paper-autopilot.sh|run-paper-evaluation.sh|tests/b1-runtime-evidence.test.ts|tests/bws-final-local-acceptance.test.ts|watch_progress.sh	BWS120-R07-017-TEST-01|BWS120-R07-017-TEST-02|BWS120-R07-017-TEST-03|BWS120-R07-017-TEST-04|BWS120-R07-017-TEST-05|BWS120-R07-017-TEST-06|BWS120-R07-017-TEST-07|BWS120-R07-017-TEST-08	evidence_or_artifact|security_or_confinement|unit_or_integration	NODE20_OR_LANGUAGE_NEUTRAL_OFFLINE_OR_CONTROLLED_INTEGRATION	true	true	false	true	true	true
BWS120-R07-018	B1 runtime acceptance trusts a caller-selected “accepted upstream” enum and arbitrary repeated hashes	P1	R07	BWS-W3-T29	29	S5	40	.automation/lib/controller_hardening_v2.sh|check_progress.sh|docs/041_external_runtime_preflight_and_bws600_campaign.md|open_log.sh|packages/bootstrap/src/operations/b1-runtime-evidence.ts|packages/bootstrap/src/operations/external-runtime-preflight.ts|packages/bootstrap/src/operations/final-local-acceptance.ts|packages/bootstrap/src/operations/paper-runtime-handoff.ts|run-paper-autopilot.sh|run-paper-evaluation.sh|tests/b1-runtime-evidence.test.ts|tests/bws-final-local-acceptance.test.ts|watch_progress.sh	BWS120-R07-018-TEST-01|BWS120-R07-018-TEST-02|BWS120-R07-018-TEST-03|BWS120-R07-018-TEST-04|BWS120-R07-018-TEST-05|BWS120-R07-018-TEST-06|BWS120-R07-018-TEST-07	unit_or_integration	NODE20_OR_LANGUAGE_NEUTRAL_OFFLINE_OR_CONTROLLED_INTEGRATION	true	false	true	true	true	true
BWS120-R07-019	Progress and log helpers select the lexically greatest controller prefix instead of the newest run	P2	R07	BWS-W3-T29	29	S5	40	.automation/lib/controller_hardening_v2.sh|check_progress.sh|docs/041_external_runtime_preflight_and_bws600_campaign.md|open_log.sh|packages/bootstrap/src/operations/b1-runtime-evidence.ts|packages/bootstrap/src/operations/external-runtime-preflight.ts|packages/bootstrap/src/operations/final-local-acceptance.ts|packages/bootstrap/src/operations/paper-runtime-handoff.ts|run-paper-autopilot.sh|run-paper-evaluation.sh|tests/b1-runtime-evidence.test.ts|tests/bws-final-local-acceptance.test.ts|watch_progress.sh	BWS120-R07-019-TEST-01|BWS120-R07-019-TEST-02|BWS120-R07-019-TEST-03|BWS120-R07-019-TEST-04|BWS120-R07-019-TEST-05	evidence_or_artifact|unit_or_integration	NODE20_OR_LANGUAGE_NEUTRAL_OFFLINE_OR_CONTROLLED_INTEGRATION	true	false	false	false	true	true
BWS120-R08-010	Retention plan fingerprints omit target database and schema-generation identity	P1	R08	BWS-W3-T32	32	S6	41	database/migrations/surebet/004_create_worker_jobs.sql|database/migrations/surebet/006_create_upstream_api_convergence_checkpoints.sql|database/migrations/surebet/007_create_private_paper_runtime_scheduler_checkpoints.sql|docs/037_database_backup_retention_and_recovery.md|packages/bootstrap/src/api/bws-read-only-query-service.ts|packages/bootstrap/src/cli/bws-database-lifecycle.ts|packages/bootstrap/src/operations/database-lifecycle.ts|packages/persistence/src/psql.ts	BWS120-R08-010-TEST-01|BWS120-R08-010-TEST-02|BWS120-R08-010-TEST-03	persistence_or_migration	NODE20_OR_LANGUAGE_NEUTRAL_OFFLINE_OR_CONTROLLED_INTEGRATION	true	false	false	true	true	false
BWS120-R08-011	Retention planning and deletion are separate transactions and partial prune is detected only after commit	P1	R08	BWS-W3-T32	32	S6	41	database/migrations/surebet/004_create_worker_jobs.sql|database/migrations/surebet/006_create_upstream_api_convergence_checkpoints.sql|database/migrations/surebet/007_create_private_paper_runtime_scheduler_checkpoints.sql|docs/037_database_backup_retention_and_recovery.md|packages/bootstrap/src/api/bws-read-only-query-service.ts|packages/bootstrap/src/cli/bws-database-lifecycle.ts|packages/bootstrap/src/operations/database-lifecycle.ts|packages/persistence/src/psql.ts	BWS120-R08-011-TEST-01|BWS120-R08-011-TEST-02|BWS120-R08-011-TEST-03|BWS120-R08-011-TEST-04	concurrency_or_ownership|unit_or_integration	NODE20_OR_LANGUAGE_NEUTRAL_OFFLINE_OR_CONTROLLED_INTEGRATION	true	false	false	true	true	false
BWS120-R08-012	Retention can prune provenance rows still required by retained blocked or terminal parent state	P1	R08	BWS-W3-T32	32	S6	41	database/migrations/surebet/004_create_worker_jobs.sql|database/migrations/surebet/006_create_upstream_api_convergence_checkpoints.sql|database/migrations/surebet/007_create_private_paper_runtime_scheduler_checkpoints.sql|docs/037_database_backup_retention_and_recovery.md|packages/bootstrap/src/api/bws-read-only-query-service.ts|packages/bootstrap/src/cli/bws-database-lifecycle.ts|packages/bootstrap/src/operations/database-lifecycle.ts|packages/persistence/src/psql.ts	BWS120-R08-012-TEST-01|BWS120-R08-012-TEST-02|BWS120-R08-012-TEST-03|BWS120-R08-012-TEST-04	api_or_projection|persistence_or_migration|unit_or_integration	NODE20_OR_LANGUAGE_NEUTRAL_OFFLINE_OR_CONTROLLED_INTEGRATION	true	false	false	true	true	false
BWS120-R09-005	Upgrade plan fingerprints are trusted from the plan instead of recomputed from plan content	P1	R09	BWS-W3-T34	34	S6	42	packages/bootstrap/src/operations/release-upgrade.ts	BWS120-R09-005-TEST-01|BWS120-R09-005-TEST-02|BWS120-R09-005-TEST-03|BWS120-R09-005-TEST-04|BWS120-R09-005-TEST-05	concurrency_or_ownership|security_or_confinement|unit_or_integration	NODE20_OR_LANGUAGE_NEUTRAL_OFFLINE_OR_CONTROLLED_INTEGRATION	true	false	false	true	true	false
BWS120-R09-006	Upgrade apply does not rebind plan-time environment, release, and install-evidence bytes	P1	R09	BWS-W3-T34	34	S6	42	packages/bootstrap/src/operations/release-upgrade.ts	BWS120-R09-006-TEST-01|BWS120-R09-006-TEST-02|BWS120-R09-006-TEST-03|BWS120-R09-006-TEST-04|BWS120-R09-006-TEST-05|BWS120-R09-006-TEST-06	persistence_or_migration|release_or_deployment|unit_or_integration	NODE20_OR_LANGUAGE_NEUTRAL_OFFLINE_OR_CONTROLLED_INTEGRATION	true	false	false	true	true	false
BWS120-R09-007	Upgrade apply has no exclusive owner or fencing token	P1	R09	BWS-W3-T34	34	S6	42	packages/bootstrap/src/operations/release-upgrade.ts	BWS120-R09-007-TEST-01|BWS120-R09-007-TEST-02|BWS120-R09-007-TEST-03|BWS120-R09-007-TEST-04|BWS120-R09-007-TEST-05	concurrency_or_ownership|unit_or_integration	NODE20_OR_LANGUAGE_NEUTRAL_OFFLINE_OR_CONTROLLED_INTEGRATION	true	false	false	true	true	false
BWS120-R09-008	Resolved upgrade state can be reused by a different plan fingerprint	P1	R09	BWS-W3-T34	34	S6	42	packages/bootstrap/src/operations/release-upgrade.ts	BWS120-R09-008-TEST-01|BWS120-R09-008-TEST-02|BWS120-R09-008-TEST-03|BWS120-R09-008-TEST-04|BWS120-R09-008-TEST-05	release_or_deployment|restart_or_recovery|security_or_confinement|unit_or_integration	NODE20_OR_LANGUAGE_NEUTRAL_OFFLINE_OR_CONTROLLED_INTEGRATION	true	false	false	true	true	false
BWS120-R09-009	Upgrade recovery trusts checkpoint classifications without verifying checkpoint bytes or current target state	P1	R09	BWS-W3-T34	34	S6	42	packages/bootstrap/src/operations/release-upgrade.ts	BWS120-R09-009-TEST-01|BWS120-R09-009-TEST-02|BWS120-R09-009-TEST-03|BWS120-R09-009-TEST-04|BWS120-R09-009-TEST-05	restart_or_recovery|unit_or_integration	NODE20_OR_LANGUAGE_NEUTRAL_OFFLINE_OR_CONTROLLED_INTEGRATION	true	false	false	true	true	false
BWS120-R09-010	Upgrade checkpoints lifecycle success from permissive or ignored lifecycle outcomes	P1	R09	BWS-W3-T34	34	S6	42	packages/bootstrap/src/operations/release-upgrade.ts	BWS120-R09-010-TEST-01|BWS120-R09-010-TEST-02|BWS120-R09-010-TEST-03|BWS120-R09-010-TEST-04|BWS120-R09-010-TEST-05	unit_or_integration	NODE20_OR_LANGUAGE_NEUTRAL_OFFLINE_OR_CONTROLLED_INTEGRATION	true	false	false	true	true	false
BWS120-R09-011	Rollback starts the prior release without first fencing or stopping a partially started target	P1	R09	BWS-W3-T34	34	S6	42	packages/bootstrap/src/operations/release-upgrade.ts	BWS120-R09-011-TEST-01|BWS120-R09-011-TEST-02|BWS120-R09-011-TEST-03|BWS120-R09-011-TEST-04|BWS120-R09-011-TEST-05	api_or_projection|restart_or_recovery|unit_or_integration	NODE20_OR_LANGUAGE_NEUTRAL_OFFLINE_OR_CONTROLLED_INTEGRATION	true	false	false	true	true	false
BWS120-R09-012	The public execute command can synthesize an instant passing soak without managed runtime proof	P1	R09	BWS-W3-T35	35	S6	43	packages/bootstrap/src/cli/bws-final-local-acceptance.ts|packages/bootstrap/src/cli/bws-soak-campaign.ts|packages/bootstrap/src/operations/bws-soak-runtime-integration.ts|packages/bootstrap/src/operations/final-local-acceptance.ts|packages/bootstrap/src/operations/soak-campaign.ts|tests/bws-soak-campaign.test.ts	BWS120-R09-012-TEST-01|BWS120-R09-012-TEST-02|BWS120-R09-012-TEST-03|BWS120-R09-012-TEST-04|BWS120-R09-012-TEST-05	evidence_or_artifact|unit_or_integration	NODE20_OR_LANGUAGE_NEUTRAL_OFFLINE_OR_CONTROLLED_INTEGRATION	true	false	false	true	true	false
BWS120-R09-013	Managed soak collapses eighteen named failures into two generic actions	P1	R09	BWS-W3-T35	35	S6	43	packages/bootstrap/src/cli/bws-final-local-acceptance.ts|packages/bootstrap/src/cli/bws-soak-campaign.ts|packages/bootstrap/src/operations/bws-soak-runtime-integration.ts|packages/bootstrap/src/operations/final-local-acceptance.ts|packages/bootstrap/src/operations/soak-campaign.ts|tests/bws-soak-campaign.test.ts	BWS120-R09-013-TEST-01|BWS120-R09-013-TEST-02|BWS120-R09-013-TEST-03|BWS120-R09-013-TEST-04|BWS120-R09-013-TEST-05	persistence_or_migration|restart_or_recovery|unit_or_integration	NODE20_OR_LANGUAGE_NEUTRAL_OFFLINE_OR_CONTROLLED_INTEGRATION	true	false	false	true	true	false
BWS120-R09-014	Soak validation ignores observation readiness, progress, and resource bounds	P1	R09	BWS-W3-T35	35	S6	43	packages/bootstrap/src/cli/bws-final-local-acceptance.ts|packages/bootstrap/src/cli/bws-soak-campaign.ts|packages/bootstrap/src/operations/bws-soak-runtime-integration.ts|packages/bootstrap/src/operations/final-local-acceptance.ts|packages/bootstrap/src/operations/soak-campaign.ts|tests/bws-soak-campaign.test.ts	BWS120-R09-014-TEST-01|BWS120-R09-014-TEST-02|BWS120-R09-014-TEST-03|BWS120-R09-014-TEST-04|BWS120-R09-014-TEST-05|BWS120-R09-014-TEST-06|BWS120-R09-014-TEST-07	unit_or_integration	NODE20_OR_LANGUAGE_NEUTRAL_OFFLINE_OR_CONTROLLED_INTEGRATION	true	false	false	true	true	false
BWS120-R09-015	Soak checkpoint ordering can skip after-cycle faults or duplicate injected faults after a crash	P1	R09	BWS-W3-T35	35	S6	43	packages/bootstrap/src/cli/bws-final-local-acceptance.ts|packages/bootstrap/src/cli/bws-soak-campaign.ts|packages/bootstrap/src/operations/bws-soak-runtime-integration.ts|packages/bootstrap/src/operations/final-local-acceptance.ts|packages/bootstrap/src/operations/soak-campaign.ts|tests/bws-soak-campaign.test.ts	BWS120-R09-015-TEST-01|BWS120-R09-015-TEST-02|BWS120-R09-015-TEST-03|BWS120-R09-015-TEST-04|BWS120-R09-015-TEST-05	restart_or_recovery|unit_or_integration	NODE20_OR_LANGUAGE_NEUTRAL_OFFLINE_OR_CONTROLLED_INTEGRATION	true	false	false	true	true	false
BWS120-R09-016	Resumed soak results cannot validate cumulative checkpoint history	P1	R09	BWS-W3-T35	35	S6	43	packages/bootstrap/src/cli/bws-final-local-acceptance.ts|packages/bootstrap/src/cli/bws-soak-campaign.ts|packages/bootstrap/src/operations/bws-soak-runtime-integration.ts|packages/bootstrap/src/operations/final-local-acceptance.ts|packages/bootstrap/src/operations/soak-campaign.ts|tests/bws-soak-campaign.test.ts	BWS120-R09-016-TEST-01|BWS120-R09-016-TEST-02|BWS120-R09-016-TEST-03|BWS120-R09-016-TEST-04|BWS120-R09-016-TEST-05	restart_or_recovery|unit_or_integration	NODE20_OR_LANGUAGE_NEUTRAL_OFFLINE_OR_CONTROLLED_INTEGRATION	true	false	false	true	true	false
BWS120-R09-017	Cleanup acceptance is derived from caller/default counters instead of measured owned resources	P1	R09	BWS-W3-T35	35	S6	43	packages/bootstrap/src/cli/bws-final-local-acceptance.ts|packages/bootstrap/src/cli/bws-soak-campaign.ts|packages/bootstrap/src/operations/bws-soak-runtime-integration.ts|packages/bootstrap/src/operations/final-local-acceptance.ts|packages/bootstrap/src/operations/soak-campaign.ts|tests/bws-soak-campaign.test.ts	BWS120-R09-017-TEST-01|BWS120-R09-017-TEST-02|BWS120-R09-017-TEST-03|BWS120-R09-017-TEST-04|BWS120-R09-017-TEST-05|BWS120-R09-017-TEST-06	persistence_or_migration|unit_or_integration	NODE20_OR_LANGUAGE_NEUTRAL_OFFLINE_OR_CONTROLLED_INTEGRATION	true	false	false	true	true	false
BWS120-R09-018	External preflight promotes schema-shaped soak state without consuming the soak result or validation verdict	P1	R09	BWS-W3-T36	36	S6	44	packages/bootstrap/src/operations/external-runtime-preflight.ts|packages/bootstrap/src/operations/final-local-acceptance.ts|tests/bws-final-local-acceptance.test.ts	BWS120-R09-018-TEST-01|BWS120-R09-018-TEST-02|BWS120-R09-018-TEST-03|BWS120-R09-018-TEST-04|BWS120-R09-018-TEST-05|BWS120-R09-018-TEST-06	evidence_or_artifact|release_or_deployment|restart_or_recovery|unit_or_integration	NODE20_OR_LANGUAGE_NEUTRAL_OFFLINE_OR_CONTROLLED_INTEGRATION	true	false	false	true	true	true
BWS120-R09-019	External campaign identity omits the environment file bytes	P1	R09	BWS-W3-T36	36	S6	44	packages/bootstrap/src/operations/external-runtime-preflight.ts|packages/bootstrap/src/operations/final-local-acceptance.ts|tests/bws-final-local-acceptance.test.ts	BWS120-R09-019-TEST-01|BWS120-R09-019-TEST-02|BWS120-R09-019-TEST-03|BWS120-R09-019-TEST-04|BWS120-R09-019-TEST-05	cancellation_or_timeout|persistence_or_migration|security_or_confinement|unit_or_integration	NODE20_OR_LANGUAGE_NEUTRAL_OFFLINE_OR_CONTROLLED_INTEGRATION	true	false	false	true	true	true
BWS120-R09-020	Final recovery evidence combines unrelated schema-shaped artifacts without common byte or generation binding	P1	R09	BWS-W3-T36	36	S6	44	packages/bootstrap/src/operations/external-runtime-preflight.ts|packages/bootstrap/src/operations/final-local-acceptance.ts|tests/bws-final-local-acceptance.test.ts	BWS120-R09-020-TEST-01|BWS120-R09-020-TEST-02|BWS120-R09-020-TEST-03|BWS120-R09-020-TEST-04|BWS120-R09-020-TEST-05	evidence_or_artifact|persistence_or_migration|release_or_deployment|unit_or_integration	NODE20_OR_LANGUAGE_NEUTRAL_OFFLINE_OR_CONTROLLED_INTEGRATION	true	false	false	true	true	true
BWS120-R09-021	Final acceptance trusts a caller-supplied archive digest and mutable component paths	P1	R09	BWS-W3-T36	36	S6	44	packages/bootstrap/src/operations/external-runtime-preflight.ts|packages/bootstrap/src/operations/final-local-acceptance.ts|tests/bws-final-local-acceptance.test.ts	BWS120-R09-021-TEST-01|BWS120-R09-021-TEST-02|BWS120-R09-021-TEST-03|BWS120-R09-021-TEST-04|BWS120-R09-021-TEST-05|BWS120-R09-021-TEST-06	release_or_deployment|unit_or_integration	NODE20_OR_LANGUAGE_NEUTRAL_OFFLINE_OR_CONTROLLED_INTEGRATION	true	false	false	true	true	true
BWS121-R11-003	Upstream contract static validator proves comment markers in a shim instead of the production implementation	P1	R11	BWS-W4-T41	41	S7	45	backlog/bws_full_implementation.csv|package.json|packages/bootstrap/src/cli/bws-upstream-api-convergence.ts|packages/bootstrap/src/operations/b1-runtime-evidence.ts|packages/upstream/src/upstream/betting-win-upstream-lock.ts|scripts/validate_api_only_upstream.py|scripts/validate_betting_win_upstream_contract.py|scripts/validate_bws_b1_acceptance.py|scripts/validate_full_implementation_program.py|scripts/validate_remaining_operator_runtime_program.py|src/upstream/betting-win-upstream-lock.ts|tests/api-only-upstream-contract.test.ts|tests/b1-runtime-evidence.test.ts|tests/betting-win-upstream-contract.test.ts	BWS121-R11-REQ-009|BWS121-R11-REQ-010|BWS121-R11-REQ-011|BWS121-R11-REQ-012	assurance_or_build|unit_or_contract	AS_SPECIFIED_BY_REVIEW	true	true	true	true	true	false
BWS121-R11-004	API-only validator accepts a named import or comment after the enforcement call is removed	P1	R11	BWS-W4-T41	41	S7	45	backlog/bws_full_implementation.csv|package.json|packages/bootstrap/src/cli/bws-upstream-api-convergence.ts|packages/bootstrap/src/operations/b1-runtime-evidence.ts|packages/upstream/src/upstream/betting-win-upstream-lock.ts|scripts/validate_api_only_upstream.py|scripts/validate_betting_win_upstream_contract.py|scripts/validate_bws_b1_acceptance.py|scripts/validate_full_implementation_program.py|scripts/validate_remaining_operator_runtime_program.py|src/upstream/betting-win-upstream-lock.ts|tests/api-only-upstream-contract.test.ts|tests/b1-runtime-evidence.test.ts|tests/betting-win-upstream-contract.test.ts	BWS121-R11-REQ-013|BWS121-R11-REQ-014|BWS121-R11-REQ-015|BWS121-R11-REQ-016|BWS121-R11-REQ-017	unit_or_contract	AS_SPECIFIED_BY_REVIEW	true	true	true	true	true	false
BWS121-R11-005	B1 acceptance validator treats status rows, test titles, and literal tokens as executable capability proof	P1	R11	BWS-W4-T41	41	S7	45	backlog/bws_full_implementation.csv|package.json|packages/bootstrap/src/cli/bws-upstream-api-convergence.ts|packages/bootstrap/src/operations/b1-runtime-evidence.ts|packages/upstream/src/upstream/betting-win-upstream-lock.ts|scripts/validate_api_only_upstream.py|scripts/validate_betting_win_upstream_contract.py|scripts/validate_bws_b1_acceptance.py|scripts/validate_full_implementation_program.py|scripts/validate_remaining_operator_runtime_program.py|src/upstream/betting-win-upstream-lock.ts|tests/api-only-upstream-contract.test.ts|tests/b1-runtime-evidence.test.ts|tests/betting-win-upstream-contract.test.ts	BWS121-R11-REQ-018|BWS121-R11-REQ-019|BWS121-R11-REQ-020|BWS121-R11-REQ-021|BWS121-R11-REQ-022	assurance_or_build|unit_or_contract	AS_SPECIFIED_BY_REVIEW	true	true	true	true	true	false
BWS121-R11-006	Implementation-program validators can declare completion with the principal implementation trees absent	P1	R11	BWS-W4-T41	41	S7	45	backlog/bws_full_implementation.csv|package.json|packages/bootstrap/src/cli/bws-upstream-api-convergence.ts|packages/bootstrap/src/operations/b1-runtime-evidence.ts|packages/upstream/src/upstream/betting-win-upstream-lock.ts|scripts/validate_api_only_upstream.py|scripts/validate_betting_win_upstream_contract.py|scripts/validate_bws_b1_acceptance.py|scripts/validate_full_implementation_program.py|scripts/validate_remaining_operator_runtime_program.py|src/upstream/betting-win-upstream-lock.ts|tests/api-only-upstream-contract.test.ts|tests/b1-runtime-evidence.test.ts|tests/betting-win-upstream-contract.test.ts	BWS121-R11-REQ-023|BWS121-R11-REQ-024|BWS121-R11-REQ-025|BWS121-R11-REQ-026	unit_or_contract	AS_SPECIFIED_BY_REVIEW	true	true	true	true	true	false
BWS121-R11-007	Boundary validators omit active root executables, commands, scripts, and database migrations from their scan authority	P1	R11	BWS-W4-T42	42	S7	46	cli.js|package.json|scripts/validate_contract_boundary.py|scripts/validate_fixture_integrity.py|scripts/validate_no_execution_paths.py|scripts/validate_no_provider_connections.py|tests/boundary-validator-workspace-scope.test.ts|tests/fixtures/b1-local-contract/valid-b1-multi-venue-markets.json|tests/fixtures/local-only-export-bundles/valid-resource-export.json|tests/fixtures/private-paper-mode-smoke/accepted-local-bundle.json|tests/validate-fixture-integrity.test.ts	BWS121-R11-REQ-027|BWS121-R11-REQ-028|BWS121-R11-REQ-029|BWS121-R11-REQ-030|BWS121-R11-REQ-031	controller_or_artifact|persistence_or_migration|security_or_confinement|unit_or_contract	AS_SPECIFIED_BY_REVIEW	true	true	true	true	true	false
BWS121-R11-008	Regex boundary checks are bypassed by trivial source-level string or identifier composition inside scanned files	P1	R11	BWS-W4-T42	42	S7	46	cli.js|package.json|scripts/validate_contract_boundary.py|scripts/validate_fixture_integrity.py|scripts/validate_no_execution_paths.py|scripts/validate_no_provider_connections.py|tests/boundary-validator-workspace-scope.test.ts|tests/fixtures/b1-local-contract/valid-b1-multi-venue-markets.json|tests/fixtures/local-only-export-bundles/valid-resource-export.json|tests/fixtures/private-paper-mode-smoke/accepted-local-bundle.json|tests/validate-fixture-integrity.test.ts	BWS121-R11-REQ-032|BWS121-R11-REQ-033|BWS121-R11-REQ-034|BWS121-R11-REQ-035|BWS121-R11-REQ-036	assurance_or_build|unit_or_contract	AS_SPECIFIED_BY_REVIEW	true	true	true	true	true	false
BWS121-R11-009	Fixture-integrity gate ignores all twelve substantive strategy and runtime fixture files	P1	R11	BWS-W4-T42	42	S7	46	cli.js|package.json|scripts/validate_contract_boundary.py|scripts/validate_fixture_integrity.py|scripts/validate_no_execution_paths.py|scripts/validate_no_provider_connections.py|tests/boundary-validator-workspace-scope.test.ts|tests/fixtures/b1-local-contract/valid-b1-multi-venue-markets.json|tests/fixtures/local-only-export-bundles/valid-resource-export.json|tests/fixtures/private-paper-mode-smoke/accepted-local-bundle.json|tests/validate-fixture-integrity.test.ts	BWS121-R11-REQ-037|BWS121-R11-REQ-038|BWS121-R11-REQ-039|BWS121-R11-REQ-040|BWS121-R11-REQ-041	assurance_or_build|security_or_confinement|unit_or_contract	AS_SPECIFIED_BY_REVIEW	true	true	true	true	true	false
BWS121-R11-010	Aggregate validation has no machine-enforced closure from 137 inherited findings to 723 required tests and production entrypoints	P1	R11	BWS-W4-T43	43	S7	47	docs/reviews/BWS120/wave-03/cumulative-consolidated-ledger.json|docs/reviews/BWS120/wave-03/test-evidence-matrix.json|package.json	BWS121-R11-REQ-042|BWS121-R11-REQ-043|BWS121-R11-REQ-044|BWS121-R11-REQ-045|BWS121-R11-REQ-046|BWS121-R11-REQ-047	assurance_or_build|controller_or_artifact|restart_or_recovery|unit_or_contract	AS_SPECIFIED_BY_REVIEW	true	true	true	true	true	false
